Date,44T
1/1/2016,45
2/1/2016,38
3/1/2016,55
4/1/2016,50
5/1/2016,41
6/1/2016,34
7/1/2016,35
8/1/2016,38
9/1/2016,40
10/1/2016,38
11/1/2016,40
12/1/2016,43
13/1/2016,35
14/1/2016,24
15/1/2016,25
16/1/2016,26
17/1/2016,29
18/1/2016,30
19/1/2016,26
20/1/2016,27
21/1/2016,30
22/1/2016,26
23/1/2016,35
24/1/2016,38
25/1/2016,33
26/1/2016,33
27/1/2016,24
28/1/2016,34
29/1/2016,30
30/1/2016,34
31/1/2016,40
1/2/2016,37
2/2/2016,39
3/2/2016,35
4/2/2016,37
5/2/2016,31
6/2/2016,40
7/2/2016,64
8/2/2016,78
9/2/2016,56
10/2/2016,50
11/2/2016,37
12/2/2016,33
13/2/2016,29
14/2/2016,32
15/2/2016,
16/2/2016,31
17/2/2016,57
18/2/2016,
19/2/2016,42
20/2/2016,54
21/2/2016,50
22/2/2016,45
23/2/2016,52
24/2/2016,51
25/2/2016,51
26/2/2016,48
27/2/2016,40
28/2/2016,42
29/2/2016,
1/3/2016,53
2/3/2016,50
3/3/2016,51
4/3/2016,
5/3/2016,44
6/3/2016,42
7/3/2016,40
8/3/2016,37
9/3/2016,44
10/3/2016,42
11/3/2016,47
12/3/2016,29
13/3/2016,32
14/3/2016,36
15/3/2016,38
16/3/2016,39
17/3/2016,43
18/3/2016,48
19/3/2016,49
20/3/2016,42
21/3/2016,46
22/3/2016,45
23/3/2016,57
24/3/2016,60
25/3/2016,45
26/3/2016,40
27/3/2016,41
28/3/2016,49
29/3/2016,64
30/3/2016,67
31/3/2016,64
1/4/2016,47
2/4/2016,38
3/4/2016,35
4/4/2016,39
5/4/2016,44
6/4/2016,34
7/4/2016,41
8/4/2016,46
9/4/2016,43
10/4/2016,39
11/4/2016,45
12/4/2016,52
13/4/2016,54
14/4/2016,45
15/4/2016,58
16/4/2016,61
17/4/2016,66
18/4/2016,57
19/4/2016,34
20/4/2016,33
21/4/2016,40
22/4/2016,43
23/4/2016,43
24/4/2016,52
25/4/2016,52
26/4/2016,45
27/4/2016,47
28/4/2016,60
29/4/2016,72
30/4/2016,53
1/5/2016,48
2/5/2016,41
3/5/2016,45
4/5/2016,44
5/5/2016,27
6/5/2016,47
7/5/2016,40
8/5/2016,42
9/5/2016,56
10/5/2016,46
11/5/2016,61
12/5/2016,39
13/5/2016,
14/5/2016,
15/5/2016,
16/5/2016,51
17/5/2016,45
18/5/2016,45
19/5/2016,42
20/5/2016,
21/5/2016,
22/5/2016,
23/5/2016,
24/5/2016,
25/5/2016,37
26/5/2016,31
27/5/2016,39
28/5/2016,46
29/5/2016,31
30/5/2016,36
31/5/2016,32
1/6/2016,39
2/6/2016,39
3/6/2016,37
4/6/2016,49
5/6/2016,50
6/6/2016,51
7/6/2016,42
8/6/2016,47
9/6/2016,40
10/6/2016,46
11/6/2016,45
12/6/2016,38
13/6/2016,44
14/6/2016,35
15/6/2016,25
16/6/2016,32
17/6/2016,33
18/6/2016,39
19/6/2016,39
20/6/2016,43
21/6/2016,38
22/6/2016,41
23/6/2016,54
24/6/2016,54
25/6/2016,55
26/6/2016,52
27/6/2016,62
28/6/2016,62
29/6/2016,65
30/6/2016,61
1/7/2016,57
2/7/2016,75
3/7/2016,79
4/7/2016,75
5/7/2016,74
6/7/2016,47
7/7/2016,42
8/7/2016,40
9/7/2016,40
10/7/2016,51
11/7/2016,58
12/7/2016,47
13/7/2016,41
14/7/2016,41
15/7/2016,42
16/7/2016,44
17/7/2016,33
18/7/2016,31
19/7/2016,31
20/7/2016,30
21/7/2016,34
22/7/2016,
23/7/2016,
24/7/2016,37
25/7/2016,36
26/7/2016,37
27/7/2016,39
28/7/2016,42
29/7/2016,41
30/7/2016,44
31/7/2016,38
1/8/2016,32
2/8/2016,38
3/8/2016,45
4/8/2016,46
5/8/2016,45
6/8/2016,49
7/8/2016,50
8/8/2016,47
9/8/2016,42
10/8/2016,32
11/8/2016,39
12/8/2016,44
13/8/2016,41
14/8/2016,41
15/8/2016,45
16/8/2016,43
17/8/2016,44
18/8/2016,43
19/8/2016,43
20/8/2016,47
21/8/2016,42
22/8/2016,43
23/8/2016,42
24/8/2016,33
25/8/2016,34
26/8/2016,42
27/8/2016,46
28/8/2016,42
29/8/2016,44
30/8/2016,42
31/8/2016,49
1/9/2016,51
2/9/2016,45
3/9/2016,64
4/9/2016,42
5/9/2016,40
6/9/2016,37
7/9/2016,36
8/9/2016,43
9/9/2016,38
10/9/2016,45
11/9/2016,48
12/9/2016,58
13/9/2016,49
14/9/2016,50
15/9/2016,50
16/9/2016,40
17/9/2016,35
18/9/2016,35
19/9/2016,41
20/9/2016,34
21/9/2016,39
22/9/2016,35
23/9/2016,35
24/9/2016,46
25/9/2016,44
26/9/2016,49
27/9/2016,42
28/9/2016,36
29/9/2016,36
30/9/2016,38
1/10/2016,40
2/10/2016,41
3/10/2016,35
4/10/2016,
5/10/2016,33
6/10/2016,39
7/10/2016,38
8/10/2016,45
9/10/2016,47
10/10/2016,39
11/10/2016,38
12/10/2016,43
13/10/2016,39
14/10/2016,35
15/10/2016,41
16/10/2016,41
17/10/2016,37
18/10/2016,35
19/10/2016,31
20/10/2016,39
21/10/2016,40
22/10/2016,33
23/10/2016,31
24/10/2016,33
25/10/2016,52
26/10/2016,60
27/10/2016,70
28/10/2016,59
29/10/2016,32
30/10/2016,28
31/10/2016,38
1/11/2016,43
2/11/2016,42
3/11/2016,37
4/11/2016,32
5/11/2016,42
6/11/2016,41
7/11/2016,49
8/11/2016,58
9/11/2016,48
10/11/2016,43
11/11/2016,37
12/11/2016,39
13/11/2016,41
14/11/2016,40
15/11/2016,44
16/11/2016,40
17/11/2016,42
18/11/2016,48
19/11/2016,45
20/11/2016,42
21/11/2016,47
22/11/2016,54
23/11/2016,62
24/11/2016,42
25/11/2016,38
26/11/2016,46
27/11/2016,
28/11/2016,
29/11/2016,23
30/11/2016,35
1/12/2016,22
2/12/2016,19
3/12/2016,18
4/12/2016,20
5/12/2016,
6/12/2016,22
7/12/2016,28
8/12/2016,24
9/12/2016,27
10/12/2016,27
11/12/2016,40
12/12/2016,51
13/12/2016,65
14/12/2016,70
15/12/2016,54
16/12/2016,46
17/12/2016,41
18/12/2016,33
19/12/2016,32
20/12/2016,23
21/12/2016,19
22/12/2016,23
23/12/2016,22
24/12/2016,31
25/12/2016,36
26/12/2016,39
27/12/2016,33
28/12/2016,41
29/12/2016,36
30/12/2016,30
31/12/2016,33
1/1/2017,29
2/1/2017,26
3/1/2017,22
4/1/2017,21
5/1/2017,22
6/1/2017,19
7/1/2017,18
8/1/2017,16
9/1/2017,31
10/1/2017,34
11/1/2017,31
12/1/2017,34
13/1/2017,39
14/1/2017,37
15/1/2017,38
16/1/2017,30
17/1/2017,25
18/1/2017,26
19/1/2017,36
20/1/2017,
21/1/2017,27
22/1/2017,40
23/1/2017,41
24/1/2017,37
25/1/2017,32
26/1/2017,31
27/1/2017,
28/1/2017,
29/1/2017,39
30/1/2017,49
31/1/2017,33
1/2/2017,41
2/2/2017,47
3/2/2017,42
4/2/2017,28
5/2/2017,26
6/2/2017,41
7/2/2017,42
8/2/2017,49
9/2/2017,43
10/2/2017,38
11/2/2017,41
12/2/2017,49
13/2/2017,47
14/2/2017,45
15/2/2017,40
16/2/2017,42
17/2/2017,39
18/2/2017,31
19/2/2017,33
20/2/2017,36
21/2/2017,35
22/2/2017,27
23/2/2017,24
24/2/2017,27
25/2/2017,24
26/2/2017,29
27/2/2017,30
28/2/2017,34
1/3/2017,37
2/3/2017,37
3/3/2017,39
4/3/2017,42
5/3/2017,40
6/3/2017,43
7/3/2017,44
8/3/2017,39
9/3/2017,31
10/3/2017,32
11/3/2017,32
12/3/2017,41
13/3/2017,39
14/3/2017,42
15/3/2017,37
16/3/2017,
17/3/2017,
18/3/2017,
19/3/2017,
20/3/2017,
21/3/2017,31
22/3/2017,34
23/3/2017,39
24/3/2017,35
25/3/2017,33
26/3/2017,32
27/3/2017,29
28/3/2017,35
29/3/2017,28
30/3/2017,36
31/3/2017,33
1/4/2017,32
2/4/2017,33
3/4/2017,26
4/4/2017,26
5/4/2017,34
6/4/2017,36
7/4/2017,27
8/4/2017,33
9/4/2017,
10/4/2017,
11/4/2017,39
12/4/2017,43
13/4/2017,42
14/4/2017,31
15/4/2017,29
16/4/2017,33
17/4/2017,38
18/4/2017,48
19/4/2017,42
20/4/2017,40
21/4/2017,37
22/4/2017,42
23/4/2017,50
24/4/2017,48
25/4/2017,55
26/4/2017,43
27/4/2017,43
28/4/2017,49
29/4/2017,44
30/4/2017,38
1/5/2017,42
2/5/2017,45
3/5/2017,43
4/5/2017,44
5/5/2017,37
6/5/2017,39
7/5/2017,44
8/5/2017,37
9/5/2017,39
10/5/2017,49
11/5/2017,39
12/5/2017,36
13/5/2017,40
14/5/2017,34
15/5/2017,50
16/5/2017,41
17/5/2017,51
18/5/2017,50
19/5/2017,37
20/5/2017,43
21/5/2017,40
22/5/2017,34
23/5/2017,31
24/5/2017,39
25/5/2017,34
26/5/2017,45
27/5/2017,44
28/5/2017,42
29/5/2017,45
30/5/2017,49
31/5/2017,41
1/6/2017,52
2/6/2017,43
3/6/2017,49
4/6/2017,44
5/6/2017,46
6/6/2017,37
7/6/2017,41
8/6/2017,42
9/6/2017,53
10/6/2017,
11/6/2017,56
12/6/2017,52
13/6/2017,50
14/6/2017,59
15/6/2017,38
16/6/2017,41
17/6/2017,49
18/6/2017,36
19/6/2017,51
20/6/2017,55
21/6/2017,49
22/6/2017,54
23/6/2017,42
24/6/2017,32
25/6/2017,38
26/6/2017,36
27/6/2017,41
28/6/2017,30
29/6/2017,38
30/6/2017,37
1/7/2017,36
2/7/2017,32
3/7/2017,39
4/7/2017,38
5/7/2017,54
6/7/2017,43
7/7/2017,42
8/7/2017,48
9/7/2017,43
10/7/2017,37
11/7/2017,45
12/7/2017,51
13/7/2017,45
14/7/2017,43
15/7/2017,48
16/7/2017,56
17/7/2017,65
18/7/2017,65
19/7/2017,73
20/7/2017,72
21/7/2017,64
22/7/2017,70
23/7/2017,66
24/7/2017,64
25/7/2017,63
26/7/2017,58
27/7/2017,68
28/7/2017,44
29/7/2017,39
30/7/2017,41
31/7/2017,28
1/8/2017,26
2/8/2017,31
3/8/2017,40
4/8/2017,26
5/8/2017,27
6/8/2017,36
7/8/2017,37
8/8/2017,33
9/8/2017,30
10/8/2017,36
11/8/2017,32
12/8/2017,31
13/8/2017,31
14/8/2017,29
15/8/2017,24
16/8/2017,35
17/8/2017,30
18/8/2017,39
19/8/2017,36
20/8/2017,40
21/8/2017,52
22/8/2017,44
23/8/2017,41
24/8/2017,52
25/8/2017,47
26/8/2017,38
27/8/2017,41
28/8/2017,29
29/8/2017,41
30/8/2017,35
31/8/2017,39
1/9/2017,39
2/9/2017,33
3/9/2017,34
4/9/2017,32
5/9/2017,28
6/9/2017,32
7/9/2017,44
8/9/2017,34
9/9/2017,49
10/9/2017,33
11/9/2017,29
12/9/2017,32
13/9/2017,34
14/9/2017,36
15/9/2017,29
16/9/2017,27
17/9/2017,32
18/9/2017,40
19/9/2017,34
20/9/2017,36
21/9/2017,26
22/9/2017,34
23/9/2017,39
24/9/2017,28
25/9/2017,32
26/9/2017,31
27/9/2017,36
28/9/2017,39
29/9/2017,31
30/9/2017,24
1/10/2017,35
2/10/2017,31
3/10/2017,45
4/10/2017,36
5/10/2017,32
6/10/2017,33
7/10/2017,35
8/10/2017,30
9/10/2017,32
10/10/2017,23
11/10/2017,27
12/10/2017,29
13/10/2017,33
14/10/2017,30
15/10/2017,39
16/10/2017,43
17/10/2017,38
18/10/2017,47
19/10/2017,42
20/10/2017,43
21/10/2017,49
22/10/2017,46
23/10/2017,47
24/10/2017,44
25/10/2017,31
26/10/2017,28
27/10/2017,29
28/10/2017,29
29/10/2017,30
30/10/2017,35
31/10/2017,52
1/11/2017,41
2/11/2017,23
3/11/2017,24
4/11/2017,22
5/11/2017,30
6/11/2017,28
7/11/2017,36
8/11/2017,27
9/11/2017,30
10/11/2017,25
11/11/2017,24
12/11/2017,25
13/11/2017,40
14/11/2017,35
15/11/2017,30
16/11/2017,32
17/11/2017,26
18/11/2017,34
19/11/2017,40
20/11/2017,43
21/11/2017,55
22/11/2017,36
23/11/2017,25
24/11/2017,29
25/11/2017,28
26/11/2017,23
27/11/2017,30
28/11/2017,26
29/11/2017,22
30/11/2017,
1/12/2017,26
2/12/2017,30
3/12/2017,24
4/12/2017,
5/12/2017,
6/12/2017,
7/12/2017,
8/12/2017,35
9/12/2017,34
10/12/2017,47
11/12/2017,55
12/12/2017,57
13/12/2017,
14/12/2017,
15/12/2017,60
16/12/2017,44
17/12/2017,
18/12/2017,44
19/12/2017,
20/12/2017,
21/12/2017,37
22/12/2017,37
23/12/2017,22
24/12/2017,19
25/12/2017,30
26/12/2017,25
27/12/2017,17
28/12/2017,20
29/12/2017,20
30/12/2017,22
31/12/2017,25
1/1/2018,27
2/1/2018,30
3/1/2018,31
4/1/2018,25
5/1/2018,34
6/1/2018,23
7/1/2018,19
8/1/2018,20
9/1/2018,19
10/1/2018,20
11/1/2018,18
12/1/2018,28
13/1/2018,34
14/1/2018,26
15/1/2018,31
16/1/2018,27
17/1/2018,27
18/1/2018,36
19/1/2018,28
20/1/2018,
21/1/2018,15
22/1/2018,14
23/1/2018,8
24/1/2018,17
25/1/2018,19
26/1/2018,18
27/1/2018,14
28/1/2018,21
29/1/2018,20
30/1/2018,19
31/1/2018,14
1/2/2018,17
2/2/2018,25
3/2/2018,29
4/2/2018,32
5/2/2018,31
6/2/2018,34
7/2/2018,36
8/2/2018,41
9/2/2018,47
10/2/2018,43
11/2/2018,44
12/2/2018,38
13/2/2018,32
14/2/2018,32
15/2/2018,35
16/2/2018,39
17/2/2018,41
18/2/2018,40
19/2/2018,25
20/2/2018,15
21/2/2018,14
22/2/2018,13
23/2/2018,11
24/2/2018,18
25/2/2018,21
26/2/2018,22
27/2/2018,21
28/2/2018,21
1/3/2018,20
2/3/2018,17
3/3/2018,13
4/3/2018,14
5/3/2018,16
6/3/2018,13
7/3/2018,16
8/3/2018,20
9/3/2018,35
10/3/2018,31
11/3/2018,36
12/3/2018,36
13/3/2018,34
14/3/2018,34
15/3/2018,27
16/3/2018,31
17/3/2018,19
18/3/2018,18
19/3/2018,
20/3/2018,
21/3/2018,30
22/3/2018,29
23/3/2018,23
24/3/2018,33
25/3/2018,39
26/3/2018,37
27/3/2018,38
28/3/2018,40
29/3/2018,45
30/3/2018,50
31/3/2018,53
1/4/2018,53
2/4/2018,47
3/4/2018,41
4/4/2018,41
5/4/2018,35
6/4/2018,38
7/4/2018,30
8/4/2018,30
9/4/2018,32
10/4/2018,24
11/4/2018,23
12/4/2018,26
13/4/2018,23
14/4/2018,17
15/4/2018,28
16/4/2018,19
17/4/2018,20
18/4/2018,24
19/4/2018,26
20/4/2018,26
21/4/2018,25
22/4/2018,28
23/4/2018,29
24/4/2018,37
25/4/2018,31
26/4/2018,27
27/4/2018,23
28/4/2018,27
29/4/2018,29
30/4/2018,30
1/5/2018,27
2/5/2018,23
3/5/2018,30
4/5/2018,20
5/5/2018,20
6/5/2018,25
7/5/2018,36
8/5/2018,32
9/5/2018,42
10/5/2018,38
11/5/2018,36
12/5/2018,27
13/5/2018,28
14/5/2018,28
15/5/2018,33
16/5/2018,37
17/5/2018,31
18/5/2018,44
19/5/2018,36
20/5/2018,26
21/5/2018,34
22/5/2018,35
23/5/2018,27
24/5/2018,29
25/5/2018,23
26/5/2018,25
27/5/2018,35
28/5/2018,19
29/5/2018,20
30/5/2018,33
31/5/2018,39
1/6/2018,31
2/6/2018,37
3/6/2018,37
4/6/2018,37
5/6/2018,42
6/6/2018,45
7/6/2018,46
8/6/2018,39
9/6/2018,42
10/6/2018,50
11/6/2018,67
12/6/2018,52
13/6/2018,55
14/6/2018,47
15/6/2018,53
16/6/2018,44
17/6/2018,21
18/6/2018,19
19/6/2018,19
20/6/2018,19
21/6/2018,36
22/6/2018,31
23/6/2018,28
24/6/2018,36
25/6/2018,22
26/6/2018,34
27/6/2018,30
28/6/2018,35
29/6/2018,40
30/6/2018,28
1/7/2018,31
2/7/2018,37
3/7/2018,33
4/7/2018,43
5/7/2018,33
6/7/2018,36
7/7/2018,38
8/7/2018,39
9/7/2018,18
10/7/2018,29
11/7/2018,31
12/7/2018,32
13/7/2018,49
14/7/2018,44
15/7/2018,45
16/7/2018,48
17/7/2018,42
18/7/2018,32
19/7/2018,51
20/7/2018,45
21/7/2018,36
22/7/2018,21
23/7/2018,29
24/7/2018,36
25/7/2018,46
26/7/2018,42
27/7/2018,32
28/7/2018,28
29/7/2018,21
30/7/2018,21
31/7/2018,23
1/8/2018,34
2/8/2018,31
3/8/2018,33
4/8/2018,36
5/8/2018,43
6/8/2018,27
7/8/2018,45
8/8/2018,40
9/8/2018,22
10/8/2018,23
11/8/2018,31
12/8/2018,33
13/8/2018,40
14/8/2018,46
15/8/2018,44
16/8/2018,43
17/8/2018,58
18/8/2018,24
19/8/2018,44
20/8/2018,50
21/8/2018,42
22/8/2018,25
23/8/2018,27
24/8/2018,29
25/8/2018,43
26/8/2018,41
27/8/2018,43
28/8/2018,29
29/8/2018,23
30/8/2018,19
31/8/2018,24
1/9/2018,31
2/9/2018,26
3/9/2018,21
4/9/2018,18
5/9/2018,26
6/9/2018,26
7/9/2018,27
8/9/2018,26
9/9/2018,27
10/9/2018,21
11/9/2018,23
12/9/2018,20
13/9/2018,21
14/9/2018,19
15/9/2018,14
16/9/2018,18
17/9/2018,24
18/9/2018,23
19/9/2018,32
20/9/2018,28
21/9/2018,26
22/9/2018,23
23/9/2018,19
24/9/2018,31
25/9/2018,26
26/9/2018,33
27/9/2018,32
28/9/2018,22
29/9/2018,32
30/9/2018,40
1/10/2018,38
2/10/2018,32
3/10/2018,27
4/10/2018,20
5/10/2018,31
6/10/2018,25
7/10/2018,12
8/10/2018,
9/10/2018,
10/10/2018,
11/10/2018,
12/10/2018,
13/10/2018,
14/10/2018,32
15/10/2018,27
16/10/2018,23
17/10/2018,28
18/10/2018,25
19/10/2018,20
20/10/2018,23
21/10/2018,23
22/10/2018,27
23/10/2018,
24/10/2018,
25/10/2018,
26/10/2018,
27/10/2018,
28/10/2018,
29/10/2018,
30/10/2018,
31/10/2018,
1/11/2018,
2/11/2018,
3/11/2018,
4/11/2018,
5/11/2018,
6/11/2018,
7/11/2018,
8/11/2018,
9/11/2018,
10/11/2018,
11/11/2018,
12/11/2018,
13/11/2018,14
14/11/2018,17
15/11/2018,13
16/11/2018,14
17/11/2018,17
18/11/2018,16
19/11/2018,25
20/11/2018,25
21/11/2018,15
22/11/2018,16
23/11/2018,25
24/11/2018,28
25/11/2018,28
26/11/2018,44
27/11/2018,21
28/11/2018,14
29/11/2018,15
30/11/2018,18
1/12/2018,20
2/12/2018,16
3/12/2018,20
4/12/2018,11
5/12/2018,16
6/12/2018,12
7/12/2018,10
8/12/2018,11
9/12/2018,14
10/12/2018,17
11/12/2018,18
12/12/2018,14
13/12/2018,23
14/12/2018,27
15/12/2018,21
16/12/2018,14
17/12/2018,19
18/12/2018,11
19/12/2018,12
20/12/2018,22
21/12/2018,30
22/12/2018,34
23/12/2018,41
24/12/2018,36
25/12/2018,33
26/12/2018,45
27/12/2018,40
28/12/2018,30
29/12/2018,30
30/12/2018,20
31/12/2018,23
1/1/2019,
2/1/2019,
3/1/2019,
4/1/2019,
5/1/2019,
6/1/2019,
7/1/2019,
8/1/2019,
9/1/2019,
10/1/2019,
11/1/2019,
12/1/2019,
13/1/2019,
14/1/2019,
15/1/2019,
16/1/2019,
17/1/2019,
18/1/2019,
19/1/2019,
20/1/2019,
21/1/2019,
22/1/2019,
23/1/2019,
24/1/2019,
25/1/2019,
26/1/2019,
27/1/2019,
28/1/2019,
29/1/2019,
30/1/2019,
31/1/2019,
1/2/2019,
2/2/2019,
3/2/2019,
4/2/2019,
5/2/2019,
6/2/2019,
7/2/2019,
8/2/2019,
9/2/2019,
10/2/2019,
11/2/2019,
12/2/2019,
13/2/2019,
14/2/2019,
15/2/2019,
16/2/2019,
17/2/2019,
18/2/2019,
19/2/2019,
20/2/2019,
21/2/2019,
22/2/2019,
23/2/2019,
24/2/2019,
25/2/2019,
26/2/2019,
27/2/2019,27
28/2/2019,31
1/3/2019,32
2/3/2019,30
3/3/2019,32
4/3/2019,34
5/3/2019,33
6/3/2019,29
7/3/2019,
8/3/2019,
9/3/2019,
10/3/2019,
11/3/2019,
12/3/2019,
13/3/2019,
14/3/2019,
15/3/2019,
16/3/2019,
17/3/2019,
18/3/2019,
19/3/2019,
20/3/2019,
21/3/2019,27
22/3/2019,30
23/3/2019,39
24/3/2019,41
25/3/2019,35
26/3/2019,20
27/3/2019,24
28/3/2019,
29/3/2019,30
30/3/2019,37
31/3/2019,44
1/4/2019,36
2/4/2019,28
3/4/2019,23
4/4/2019,25
5/4/2019,27
6/4/2019,21
7/4/2019,19
8/4/2019,24
9/4/2019,22
10/4/2019,23
11/4/2019,24
12/4/2019,30
13/4/2019,30
14/4/2019,28
15/4/2019,25
16/4/2019,29
17/4/2019,34
18/4/2019,30
19/4/2019,33
20/4/2019,30
21/4/2019,30
22/4/2019,25
23/4/2019,31
24/4/2019,17
25/4/2019,25
26/4/2019,32
27/4/2019,42
28/4/2019,28
29/4/2019,30
30/4/2019,29
1/5/2019,24
2/5/2019,26
3/5/2019,28
4/5/2019,27
5/5/2019,20
6/5/2019,18
7/5/2019,27
8/5/2019,21
9/5/2019,27
10/5/2019,34
11/5/2019,34
12/5/2019,27
13/5/2019,35
14/5/2019,31
15/5/2019,25
16/5/2019,26
17/5/2019,30
18/5/2019,33
19/5/2019,38
20/5/2019,34
21/5/2019,30
22/5/2019,22
23/5/2019,25
24/5/2019,
25/5/2019,
26/5/2019,
27/5/2019,
28/5/2019,
29/5/2019,
30/5/2019,
31/5/2019,
1/6/2019,
2/6/2019,
3/6/2019,
4/6/2019,
5/6/2019,
6/6/2019,
7/6/2019,
8/6/2019,
9/6/2019,
10/6/2019,
11/6/2019,
12/6/2019,
13/6/2019,
14/6/2019,
15/6/2019,25
16/6/2019,34
17/6/2019,44
18/6/2019,43
19/6/2019,36
20/6/2019,33
21/6/2019,26
22/6/2019,25
23/6/2019,19
24/6/2019,26
25/6/2019,39
26/6/2019,27
27/6/2019,37
28/6/2019,49
29/6/2019,54
30/6/2019,48
1/7/2019,44
2/7/2019,49
3/7/2019,49
4/7/2019,40
5/7/2019,56
6/7/2019,46
7/7/2019,41
8/7/2019,48
9/7/2019,38
10/7/2019,34
11/7/2019,33
12/7/2019,34
13/7/2019,43
14/7/2019,30
15/7/2019,27
16/7/2019,26
17/7/2019,24
18/7/2019,24
19/7/2019,37
20/7/2019,53
21/7/2019,39
22/7/2019,42
23/7/2019,43
24/7/2019,35
25/7/2019,46
26/7/2019,39
27/7/2019,50
28/7/2019,41
29/7/2019,52
30/7/2019,50
31/7/2019,56
1/8/2019,47
2/8/2019,49
3/8/2019,44
4/8/2019,55
5/8/2019,60
6/8/2019,55
7/8/2019,49
8/8/2019,36
9/8/2019,28
10/8/2019,28
11/8/2019,27
12/8/2019,43
13/8/2019,51
14/8/2019,35
15/8/2019,24
16/8/2019,24
17/8/2019,27
18/8/2019,29
19/8/2019,44
20/8/2019,53
21/8/2019,35
22/8/2019,18
23/8/2019,24
24/8/2019,25
25/8/2019,19
26/8/2019,35
27/8/2019,33
28/8/2019,29
29/8/2019,35
30/8/2019,31
31/8/2019,43
1/9/2019,45
2/9/2019,42
3/9/2019,60
4/9/2019,65
5/9/2019,71
6/9/2019,56
7/9/2019,73
8/9/2019,67
9/9/2019,57
10/9/2019,53
11/9/2019,58
12/9/2019,50
13/9/2019,60
14/9/2019,34
15/9/2019,21
16/9/2019,30
17/9/2019,29
18/9/2019,73
19/9/2019,81
20/9/2019,71
21/9/2019,86
22/9/2019,77
23/9/2019,63
24/9/2019,59
25/9/2019,37
26/9/2019,27
27/9/2019,24
28/9/2019,19
29/9/2019,16
30/9/2019,27
1/10/2019,28
2/10/2019,30
3/10/2019,33
4/10/2019,33
5/10/2019,39
6/10/2019,32
7/10/2019,26
8/10/2019,21
9/10/2019,15
10/10/2019,24
11/10/2019,26
12/10/2019,31
13/10/2019,21
14/10/2019,21
15/10/2019,22
16/10/2019,25
17/10/2019,13
18/10/2019,18
19/10/2019,14
20/10/2019,15
21/10/2019,16
22/10/2019,15
23/10/2019,25
24/10/2019,31
25/10/2019,24
26/10/2019,24
27/10/2019,22
28/10/2019,19
29/10/2019,20
30/10/2019,27
31/10/2019,34
1/11/2019,28
2/11/2019,23
3/11/2019,21
4/11/2019,17
5/11/2019,23
6/11/2019,25
7/11/2019,25
8/11/2019,24
9/11/2019,22
10/11/2019,26
11/11/2019,46
12/11/2019,52
13/11/2019,42
14/11/2019,33
15/11/2019,29
16/11/2019,27
17/11/2019,28
18/11/2019,25
19/11/2019,26
20/11/2019,23
21/11/2019,30
22/11/2019,24
23/11/2019,19
24/11/2019,26
25/11/2019,17
26/11/2019,15
27/11/2019,19
28/11/2019,24
29/11/2019,31
30/11/2019,23
1/12/2019,22
2/12/2019,23
3/12/2019,28
4/12/2019,30
5/12/2019,33
6/12/2019,31
7/12/2019,31
8/12/2019,32
9/12/2019,33
10/12/2019,34
11/12/2019,31
12/12/2019,34
13/12/2019,29
14/12/2019,33
15/12/2019,25
16/12/2019,24
17/12/2019,24
18/12/2019,21
19/12/2019,22
20/12/2019,21
21/12/2019,27
22/12/2019,30
23/12/2019,31
24/12/2019,29
25/12/2019,31
26/12/2019,29
27/12/2019,31
28/12/2019,29
29/12/2019,29
30/12/2019,20
31/12/2019,18
1/1/2020,27
2/1/2020,26
3/1/2020,24
4/1/2020,25
5/1/2020,28
6/1/2020,39
7/1/2020,31
8/1/2020,21
9/1/2020,24
10/1/2020,27
11/1/2020,27
12/1/2020,30
13/1/2020,26
14/1/2020,23
15/1/2020,34
16/1/2020,42
17/1/2020,43
18/1/2020,35
19/1/2020,32
20/1/2020,29
21/1/2020,26
22/1/2020,23
23/1/2020,21
24/1/2020,26
25/1/2020,26
26/1/2020,26
27/1/2020,26
28/1/2020,25
29/1/2020,22
30/1/2020,21
31/1/2020,28
1/2/2020,32
2/2/2020,35
3/2/2020,
4/2/2020,39
5/2/2020,29
6/2/2020,29
7/2/2020,37
8/2/2020,36
9/2/2020,26
10/2/2020,30
11/2/2020,29
12/2/2020,25
13/2/2020,23
14/2/2020,
15/2/2020,
16/2/2020,24
17/2/2020,22
18/2/2020,26
19/2/2020,35
20/2/2020,35
21/2/2020,32
22/2/2020,40
23/2/2020,34
24/2/2020,33
25/2/2020,32
26/2/2020,27
27/2/2020,26
28/2/2020,25
29/2/2020,29
1/3/2020,28
2/3/2020,23
3/3/2020,24
4/3/2020,23
5/3/2020,23
6/3/2020,22
7/3/2020,27
8/3/2020,31
9/3/2020,44
10/3/2020,49
11/3/2020,44
12/3/2020,31
13/3/2020,19
14/3/2020,17
15/3/2020,19
16/3/2020,23
17/3/2020,29
18/3/2020,29
19/3/2020,27
20/3/2020,21
21/3/2020,20
22/3/2020,26
23/3/2020,24
24/3/2020,22
25/3/2020,19
26/3/2020,18
27/3/2020,22
28/3/2020,23
29/3/2020,27
30/3/2020,22
31/3/2020,23
1/4/2020,22
2/4/2020,21
3/4/2020,18
4/4/2020,20
5/4/2020,22
6/4/2020,21
7/4/2020,21
8/4/2020,25
9/4/2020,22
10/4/2020,19
11/4/2020,16
12/4/2020,19
13/4/2020,19
14/4/2020,18
15/4/2020,17
16/4/2020,19
17/4/2020,31
18/4/2020,19
19/4/2020,22
20/4/2020,21
21/4/2020,18
22/4/2020,17
23/4/2020,15
24/4/2020,27
25/4/2020,19
26/4/2020,14
27/4/2020,10
28/4/2020,9
29/4/2020,15
30/4/2020,11
1/5/2020,13
2/5/2020,19
3/5/2020,23
4/5/2020,22
5/5/2020,35
6/5/2020,27
7/5/2020,31
8/5/2020,27
9/5/2020,28
10/5/2020,25
11/5/2020,25
12/5/2020,22
13/5/2020,26
14/5/2020,26
15/5/2020,28
16/5/2020,23
17/5/2020,26
18/5/2020,26
19/5/2020,22
20/5/2020,28
21/5/2020,36
22/5/2020,36
23/5/2020,29
24/5/2020,27
25/5/2020,23
26/5/2020,32
27/5/2020,28
28/5/2020,31
29/5/2020,35
30/5/2020,26
31/5/2020,29
1/6/2020,27
2/6/2020,25
3/6/2020,28
4/6/2020,36
5/6/2020,20
6/6/2020,22
7/6/2020,27
8/6/2020,24
9/6/2020,30
10/6/2020,35
11/6/2020,33
12/6/2020,27
13/6/2020,32
14/6/2020,30
15/6/2020,30
16/6/2020,34
17/6/2020,27
18/6/2020,19
19/6/2020,28
20/6/2020,27
21/6/2020,27
22/6/2020,32
23/6/2020,30
24/6/2020,29
25/6/2020,28
26/6/2020,21
27/6/2020,27
28/6/2020,46
29/6/2020,45
30/6/2020,39
1/7/2020,42
2/7/2020,44
3/7/2020,47
4/7/2020,50
5/7/2020,37
6/7/2020,27
7/7/2020,26
8/7/2020,23
9/7/2020,20
10/7/2020,22
11/7/2020,25
12/7/2020,22
13/7/2020,33
14/7/2020,24
15/7/2020,31
16/7/2020,34
17/7/2020,30
18/7/2020,27
19/7/2020,22
20/7/2020,23
21/7/2020,31
22/7/2020,30
23/7/2020,25
24/7/2020,23
25/7/2020,21
26/7/2020,21
27/7/2020,29
28/7/2020,35
29/7/2020,26
30/7/2020,27
31/7/2020,30
1/8/2020,26
2/8/2020,21
3/8/2020,31
4/8/2020,56
5/8/2020,47
6/8/2020,45
7/8/2020,40
8/8/2020,43
9/8/2020,29
10/8/2020,24
11/8/2020,26
12/8/2020,26
13/8/2020,20
14/8/2020,27
15/8/2020,37
16/8/2020,33
17/8/2020,36
18/8/2020,43
19/8/2020,37
20/8/2020,30
21/8/2020,34
22/8/2020,31
23/8/2020,
24/8/2020,
25/8/2020,
26/8/2020,
27/8/2020,
28/8/2020,
29/8/2020,
30/8/2020,34
31/8/2020,43
1/9/2020,42
2/9/2020,
3/9/2020,
4/9/2020,45
5/9/2020,45
6/9/2020,42
7/9/2020,44
8/9/2020,45
9/9/2020,44
10/9/2020,43
11/9/2020,39
12/9/2020,43
13/9/2020,44
14/9/2020,42
15/9/2020,42
16/9/2020,48
17/9/2020,41
18/9/2020,42
19/9/2020,47
20/9/2020,43
21/9/2020,43
22/9/2020,45
23/9/2020,47
24/9/2020,43
25/9/2020,43
26/9/2020,43
27/9/2020,42
28/9/2020,44
29/9/2020,46
30/9/2020,44
1/10/2020,45
2/10/2020,44
3/10/2020,41
4/10/2020,47
5/10/2020,46
6/10/2020,48
7/10/2020,47
8/10/2020,42
9/10/2020,46
10/10/2020,45
11/10/2020,42
12/10/2020,44
13/10/2020,38
14/10/2020,48
15/10/2020,45
16/10/2020,48
17/10/2020,46
18/10/2020,48
19/10/2020,47
20/10/2020,47
21/10/2020,45
22/10/2020,46
23/10/2020,48
24/10/2020,44
25/10/2020,44
26/10/2020,48
27/10/2020,45
28/10/2020,47
29/10/2020,45
30/10/2020,43
31/10/2020,41
1/11/2020,45
2/11/2020,47
3/11/2020,48
4/11/2020,45
5/11/2020,46
6/11/2020,51
7/11/2020,46
8/11/2020,45
9/11/2020,45
10/11/2020,48
11/11/2020,63
12/11/2020,51
13/11/2020,37
14/11/2020,41
15/11/2020,35
16/11/2020,46
17/11/2020,39
18/11/2020,37
19/11/2020,38
20/11/2020,40
21/11/2020,40
22/11/2020,36
23/11/2020,36
24/11/2020,41
25/11/2020,38
26/11/2020,37
27/11/2020,37
28/11/2020,48
29/11/2020,42
30/11/2020,35
1/12/2020,33
2/12/2020,34
3/12/2020,40
4/12/2020,51
5/12/2020,54
6/12/2020,49
7/12/2020,55
8/12/2020,52
9/12/2020,55
10/12/2020,48
11/12/2020,58
12/12/2020,66
13/12/2020,45
14/12/2020,40
15/12/2020,41
16/12/2020,38
17/12/2020,35
18/12/2020,39
19/12/2020,42
20/12/2020,38
21/12/2020,45
22/12/2020,55
23/12/2020,42
24/12/2020,30
25/12/2020,24
26/12/2020,22
27/12/2020,26
28/12/2020,30
29/12/2020,33
30/12/2020,37
31/12/2020,34
1/1/2021,41
2/1/2021,35
3/1/2021,31
4/1/2021,25
5/1/2021,28
6/1/2021,25
7/1/2021,28
8/1/2021,35
9/1/2021,38
10/1/2021,33
11/1/2021,35
12/1/2021,37
13/1/2021,41
14/1/2021,41
15/1/2021,43
16/1/2021,37
17/1/2021,40
18/1/2021,49
19/1/2021,49
20/1/2021,35
21/1/2021,52
22/1/2021,55
23/1/2021,38
24/1/2021,29
25/1/2021,28
26/1/2021,35
27/1/2021,28
28/1/2021,31
29/1/2021,36
30/1/2021,43
31/1/2021,45
1/2/2021,39
2/2/2021,39
3/2/2021,41
4/2/2021,34
5/2/2021,32
6/2/2021,34
7/2/2021,31
8/2/2021,29
9/2/2021,30
10/2/2021,31
11/2/2021,28
12/2/2021,26
13/2/2021,32
14/2/2021,41
15/2/2021,42
16/2/2021,47
17/2/2021,47
18/2/2021,36
19/2/2021,41
20/2/2021,45
21/2/2021,43
22/2/2021,43
23/2/2021,63
24/2/2021,61
25/2/2021,58
26/2/2021,45
27/2/2021,45
28/2/2021,50
1/3/2021,36
2/3/2021,34
3/3/2021,28
4/3/2021,28
5/3/2021,34
6/3/2021,30
7/3/2021,
8/3/2021,27
9/3/2021,35
10/3/2021,38
11/3/2021,34
12/3/2021,35
13/3/2021,38
14/3/2021,37
15/3/2021,38
16/3/2021,34
17/3/2021,38
18/3/2021,42
19/3/2021,37
20/3/2021,36
21/3/2021,32
22/3/2021,23
23/3/2021,37
24/3/2021,32
25/3/2021,30
26/3/2021,32
27/3/2021,28
28/3/2021,21
29/3/2021,28
30/3/2021,33
31/3/2021,30
1/4/2021,38
2/4/2021,37
3/4/2021,46
4/4/2021,39
5/4/2021,38
6/4/2021,29
7/4/2021,34
8/4/2021,40
9/4/2021,44
10/4/2021,45
11/4/2021,44
12/4/2021,32
13/4/2021,33
14/4/2021,30
15/4/2021,36
16/4/2021,42
17/4/2021,35
18/4/2021,29
19/4/2021,32
20/4/2021,32
21/4/2021,31
22/4/2021,37
23/4/2021,40
24/4/2021,31
25/4/2021,31
26/4/2021,35
27/4/2021,26
28/4/2021,34
29/4/2021,38
30/4/2021,36
1/5/2021,34
2/5/2021,30
3/5/2021,30
4/5/2021,29
5/5/2021,25
6/5/2021,27
7/5/2021,22
8/5/2021,29
9/5/2021,27
10/5/2021,28
11/5/2021,24
12/5/2021,39
13/5/2021,37
14/5/2021,34
15/5/2021,31
16/5/2021,36
17/5/2021,36
18/5/2021,30
19/5/2021,34
20/5/2021,32
21/5/2021,33
22/5/2021,36
23/5/2021,36
24/5/2021,39
25/5/2021,34
26/5/2021,31
27/5/2021,31
28/5/2021,32
29/5/2021,32
30/5/2021,37
31/5/2021,39
1/6/2021,45
2/6/2021,40
3/6/2021,41
4/6/2021,41
5/6/2021,34
6/6/2021,36
7/6/2021,38
8/6/2021,40
9/6/2021,39
10/6/2021,42
11/6/2021,36
12/6/2021,33
13/6/2021,42
14/6/2021,37
15/6/2021,34
16/6/2021,38
17/6/2021,36
18/6/2021,37
19/6/2021,41
20/6/2021,34
21/6/2021,30
22/6/2021,41
23/6/2021,30
24/6/2021,38
25/6/2021,30
26/6/2021,35
27/6/2021,37
28/6/2021,33
30/6/2021,36
1/7/2021,34
2/7/2021,37
3/7/2021,33
4/7/2021,32
5/7/2021,32
6/7/2021,32
7/7/2021,32
8/7/2021,38
9/7/2021,32
10/7/2021,23
11/7/2021,23
12/7/2021,35
13/7/2021,32
14/7/2021,37
15/7/2021,36
16/7/2021,30
17/7/2021,48
18/7/2021,55
19/7/2021,55
20/7/2021,48
21/7/2021,55
22/7/2021,49
23/7/2021,49
24/7/2021,40
25/7/2021,36
26/7/2021,41
27/7/2021,34
28/7/2021,31
29/7/2021,34
30/7/2021,27
31/7/2021,30
1/8/2021,27
2/8/2021,31
3/8/2021,32
4/8/2021,28
5/8/2021,29
6/8/2021,42
7/8/2021,37
8/8/2021,30
9/8/2021,34
10/8/2021,23
11/8/2021,27
12/8/2021,35
13/8/2021,34
14/8/2021,36
15/8/2021,33
16/8/2021,28
17/8/2021,30
18/8/2021,34
19/8/2021,33
20/8/2021,29
21/8/2021,33
22/8/2021,26
23/8/2021,31
24/8/2021,29
25/8/2021,30
26/8/2021,27
27/8/2021,36
28/8/2021,41
29/8/2021,37
30/8/2021,34
31/8/2021,29
1/9/2021,36
2/9/2021,35
3/9/2021,42
4/9/2021,46
5/9/2021,45
6/9/2021,46
7/9/2021,41
8/9/2021,36
9/9/2021,25
10/9/2021,37
11/9/2021,34
12/9/2021,33
13/9/2021,27
14/9/2021,42
15/9/2021,34
16/9/2021,40
17/9/2021,41
18/9/2021,41
19/9/2021,32
20/9/2021,25
21/9/2021,32
22/9/2021,32
23/9/2021,40
24/9/2021,43
25/9/2021,35
26/9/2021,25
27/9/2021,28
28/9/2021,23
29/9/2021,34
30/9/2021,31
1/10/2021,30
2/10/2021,34
3/10/2021,39
4/10/2021,35
5/10/2021,35
6/10/2021,30
7/10/2021,26
8/10/2021,25
9/10/2021,33
10/10/2021,31
11/10/2021,39
12/10/2021,38
13/10/2021,36
14/10/2021,36
15/10/2021,45
16/10/2021,38
17/10/2021,26
18/10/2021,33
19/10/2021,24
20/10/2021,33
21/10/2021,32
22/10/2021,36
23/10/2021,42
24/10/2021,32
25/10/2021,39
26/10/2021,31
27/10/2021,29
28/10/2021,31
29/10/2021,25
30/10/2021,25
31/10/2021,26
1/11/2021,25
2/11/2021,33
3/11/2021,29
4/11/2021,24
5/11/2021,20
6/11/2021,32
7/11/2021,23
8/11/2021,27
9/11/2021,23
10/11/2021,22
11/11/2021,18
12/11/2021,19
13/11/2021,32
14/11/2021,34
15/11/2021,36
16/11/2021,26
17/11/2021,18
18/11/2021,24
19/11/2021,29
20/11/2021,29
21/11/2021,34
22/11/2021,27
23/11/2021,24
24/11/2021,19
25/11/2021,21
26/11/2021,21
27/11/2021,25
28/11/2021,21
29/11/2021,20
30/11/2021,24
1/12/2021,24
2/12/2021,23
3/12/2021,31
4/12/2021,32
5/12/2021,34
6/12/2021,36
7/12/2021,33
8/12/2021,32
9/12/2021,39
10/12/2021,33
11/12/2021,35
12/12/2021,37
13/12/2021,35
14/12/2021,37
15/12/2021,38
16/12/2021,43
17/12/2021,30
18/12/2021,35
19/12/2021,36
20/12/2021,33
21/12/2021,32
22/12/2021,30
23/12/2021,35
24/12/2021,32
25/12/2021,29
26/12/2021,30
27/12/2021,35
28/12/2021,33
29/12/2021,25
30/12/2021,33
31/12/2021,39
1/1/2022,38
2/1/2022,35
3/1/2022,31
4/1/2022,36
5/1/2022,29
6/1/2022,32
7/1/2022,28
8/1/2022,29
9/1/2022,34
10/1/2022,40
11/1/2022,35
12/1/2022,30
13/1/2022,35
14/1/2022,37
15/1/2022,35
16/1/2022,36
17/1/2022,36
18/1/2022,40
19/1/2022,36
20/1/2022,36
21/1/2022,31
22/1/2022,33
23/1/2022,39
24/1/2022,40
25/1/2022,41
26/1/2022,37
27/1/2022,34
28/1/2022,43
29/1/2022,45
30/1/2022,46
31/1/2022,41
1/2/2022,31
2/2/2022,27
3/2/2022,
4/2/2022,33
5/2/2022,37
6/2/2022,38
7/2/2022,33
8/2/2022,33
9/2/2022,31
10/2/2022,35
11/2/2022,38
12/2/2022,40
13/2/2022,32
14/2/2022,20
15/2/2022,21
16/2/2022,26
17/2/2022,24
18/2/2022,24
19/2/2022,26
20/2/2022,33
21/2/2022,32
22/2/2022,28
23/2/2022,27
24/2/2022,25
25/2/2022,22
26/2/2022,28
27/2/2022,31
28/2/2022,30
1/3/2022,32
2/3/2022,30
3/3/2022,28
4/3/2022,31
5/3/2022,32
6/3/2022,29
7/3/2022,30
8/3/2022,28
9/3/2022,31
10/3/2022,40
11/3/2022,50
12/3/2022,56
13/3/2022,43
14/3/2022,26
15/3/2022,
16/3/2022,29
17/3/2022,25
18/3/2022,28
19/3/2022,27
20/3/2022,27
21/3/2022,29
22/3/2022,27
23/3/2022,29
24/3/2022,29
25/3/2022,30
26/3/2022,35
27/3/2022,40
28/3/2022,41
29/3/2022,
30/3/2022,29
31/3/2022,39
1/4/2022,36
2/4/2022,41
3/4/2022,31
4/4/2022,22
5/4/2022,23
6/4/2022,25
7/4/2022,28
8/4/2022,34
9/4/2022,32
10/4/2022,40
11/4/2022,42
12/4/2022,50
13/4/2022,48
14/4/2022,37
15/4/2022,38
16/4/2022,39
17/4/2022,42
18/4/2022,34
19/4/2022,37
20/4/2022,33
21/4/2022,35
22/4/2022,25
23/4/2022,27
24/4/2022,27
25/4/2022,30
26/4/2022,40
27/4/2022,31
28/4/2022,34
29/4/2022,39
30/4/2022,31
1/5/2022,34
2/5/2022,32
3/5/2022,30
4/5/2022,33
5/5/2022,29
6/5/2022,33
7/5/2022,39
8/5/2022,31
9/5/2022,29
10/5/2022,33
11/5/2022,33
12/5/2022,43
13/5/2022,44
14/5/2022,38
15/5/2022,31
16/5/2022,31
17/5/2022,29
18/5/2022,38
19/5/2022,40
20/5/2022,42
21/5/2022,41
22/5/2022,42
23/5/2022,35
24/5/2022,38
25/5/2022,34
26/5/2022,31
27/5/2022,37
28/5/2022,35
29/5/2022,26
30/5/2022,37
31/5/2022,34
1/6/2022,26
2/6/2022,27
3/6/2022,35
4/6/2022,38
5/6/2022,27
6/6/2022,29
7/6/2022,34
8/6/2022,35
9/6/2022,36
10/6/2022,33
11/6/2022,29
12/6/2022,32
13/6/2022,33
14/6/2022,37
15/6/2022,38
16/6/2022,36
17/6/2022,41
18/6/2022,36
19/6/2022,29
20/6/2022,28
21/6/2022,28
22/6/2022,29
23/6/2022,31
24/6/2022,25
25/6/2022,36
26/6/2022,35
27/6/2022,41
28/6/2022,36
29/6/2022,33
30/6/2022,36
1/7/2022,43
2/7/2022,43
3/7/2022,44
4/7/2022,43
5/7/2022,37
6/7/2022,43
7/7/2022,44
8/7/2022,60
9/7/2022,50
10/7/2022,44
11/7/2022,38
12/7/2022,29
13/7/2022,32
14/7/2022,37
15/7/2022,47
16/7/2022,51
17/7/2022,43
18/7/2022,45
19/7/2022,45
20/7/2022,54
21/7/2022,46
22/7/2022,35
23/7/2022,40
24/7/2022,32
25/7/2022,28
26/7/2022,34
27/7/2022,31
28/7/2022,32
29/7/2022,40
30/7/2022,38
31/7/2022,33
1/8/2022,31
2/8/2022,33
3/8/2022,31
4/8/2022,38
5/8/2022,40
6/8/2022,34
7/8/2022,39
8/8/2022,50
9/8/2022,47
10/8/2022,34
11/8/2022,39
12/8/2022,43
13/8/2022,35
14/8/2022,37
15/8/2022,28
16/8/2022,32
17/8/2022,28
18/8/2022,30
19/8/2022,37
20/8/2022,32
21/8/2022,26
22/8/2022,27
23/8/2022,36
24/8/2022,29
25/8/2022,32
26/8/2022,36
27/8/2022,28
28/8/2022,23
29/8/2022,38
30/8/2022,37
31/8/2022,33
1/9/2022,33
2/9/2022,29
3/9/2022,25
4/9/2022,23
5/9/2022,38
6/9/2022,32
7/9/2022,31
8/9/2022,29
9/9/2022,34
10/9/2022,33
11/9/2022,36
12/9/2022,42
13/9/2022,35
14/9/2022,35
15/9/2022,37
16/9/2022,34
17/9/2022,31
18/9/2022,30
19/9/2022,31
20/9/2022,35
21/9/2022,35
22/9/2022,31
23/9/2022,32
24/9/2022,
25/9/2022,
26/9/2022,
27/9/2022,
28/9/2022,
29/9/2022,
30/9/2022,
1/10/2022,
2/10/2022,
3/10/2022,
4/10/2022,
5/10/2022,
6/10/2022,
7/10/2022,
8/10/2022,
9/10/2022,
10/10/2022,
11/10/2022,
12/10/2022,
13/10/2022,
14/10/2022,
15/10/2022,
16/10/2022,
17/10/2022,
18/10/2022,
19/10/2022,
20/10/2022,
21/10/2022,
22/10/2022,
23/10/2022,
24/10/2022,
25/10/2022,
26/10/2022,
27/10/2022,
28/10/2022,
29/10/2022,
30/10/2022,
31/10/2022,
1/11/2022,
2/11/2022,
3/11/2022,
4/11/2022,
5/11/2022,
6/11/2022,
7/11/2022,
8/11/2022,
9/11/2022,
10/11/2022,
11/11/2022,
12/11/2022,
13/11/2022,
14/11/2022,
15/11/2022,
16/11/2022,
17/11/2022,
18/11/2022,
19/11/2022,
20/11/2022,
21/11/2022,
22/11/2022,
23/11/2022,
24/11/2022,
25/11/2022,
26/11/2022,
27/11/2022,
28/11/2022,
29/11/2022,
30/11/2022,
1/12/2022,
2/12/2022,
3/12/2022,
4/12/2022,
5/12/2022,22
6/12/2022,26
7/12/2022,26
8/12/2022,19
9/12/2022,19
10/12/2022,24
11/12/2022,27
12/12/2022,27
13/12/2022,38
14/12/2022,34
15/12/2022,29
16/12/2022,29
17/12/2022,22
18/12/2022,16
19/12/2022,17
20/12/2022,26
21/12/2022,34
22/12/2022,39
23/12/2022,39
24/12/2022,42
25/12/2022,39
26/12/2022,40
27/12/2022,44
28/12/2022,48
29/12/2022,51
30/12/2022,49
31/12/2022,45
1/1/2023,55
2/1/2023,39
3/1/2023,32
4/1/2023,26
5/1/2023,37
6/1/2023,34
7/1/2023,19
8/1/2023,20
9/1/2023,21
10/1/2023,28
11/1/2023,28
12/1/2023,29
13/1/2023,24
14/1/2023,34
15/1/2023,32
16/1/2023,30
17/1/2023,32
18/1/2023,
19/1/2023,38
20/1/2023,33
21/1/2023,39
22/1/2023,30
23/1/2023,27
24/1/2023,30
25/1/2023,38
26/1/2023,44
27/1/2023,39
28/1/2023,33
29/1/2023,31
30/1/2023,39
31/1/2023,35
1/2/2023,42
2/2/2023,34
3/2/2023,20
4/2/2023,30
5/2/2023,30
6/2/2023,29
7/2/2023,34
8/2/2023,30
9/2/2023,
10/2/2023,27
11/2/2023,27
12/2/2023,28
13/2/2023,29
14/2/2023,30
15/2/2023,29
16/2/2023,33
17/2/2023,39
18/2/2023,33
19/2/2023,34
20/2/2023,31
21/2/2023,35
22/2/2023,41
23/2/2023,45
24/2/2023,40
25/2/2023,45
26/2/2023,56
27/2/2023,56
28/2/2023,50
1/3/2023,43
2/3/2023,39
3/3/2023,36
4/3/2023,45
5/3/2023,52
6/3/2023,49
7/3/2023,58
8/3/2023,44
9/3/2023,42
10/3/2023,38
11/3/2023,43
12/3/2023,46
13/3/2023,47
14/3/2023,46
15/3/2023,50
16/3/2023,39
17/3/2023,33
18/3/2023,33
19/3/2023,32
20/3/2023,30
21/3/2023,28
22/3/2023,31
23/3/2023,31
24/3/2023,41
25/3/2023,32
26/3/2023,34
27/3/2023,37
28/3/2023,33
29/3/2023,24
30/3/2023,31
31/3/2023,41
1/4/2023,35
2/4/2023,38
3/4/2023,43
4/4/2023,37
5/4/2023,36
6/4/2023,36
7/4/2023,40
8/4/2023,39
9/4/2023,29
10/4/2023,38
11/4/2023,50
12/4/2023,59
13/4/2023,52
14/4/2023,51
15/4/2023,68
16/4/2023,65
17/4/2023,68
18/4/2023,61
19/4/2023,60
20/4/2023,58
21/4/2023,48
22/4/2023,47
23/4/2023,45
24/4/2023,36
25/4/2023,32
26/4/2023,34
27/4/2023,29
28/4/2023,40
29/4/2023,39
30/4/2023,39
1/5/2023,
2/5/2023,
3/5/2023,
4/5/2023,
5/5/2023,
6/5/2023,
7/5/2023,
8/5/2023,
9/5/2023,
10/5/2023,
11/5/2023,
12/5/2023,
13/5/2023,
14/5/2023,
15/5/2023,
16/5/2023,
17/5/2023,
18/5/2023,
19/5/2023,
20/5/2023,
21/5/2023,
22/5/2023,
23/5/2023,
24/5/2023,
25/5/2023,
26/5/2023,
27/5/2023,15
28/5/2023,15
29/5/2023,16
30/5/2023,16
31/5/2023,15
1/6/2023,16
2/6/2023,16
3/6/2023,15
4/6/2023,16
5/6/2023,15
6/6/2023, 
7/6/2023,15
8/6/2023,16
9/6/2023,16
10/6/2023,16
11/6/2023,15
12/6/2023,16
13/6/2023,16
14/6/2023,16
15/6/2023, 
16/6/2023, 
17/6/2023,16
18/6/2023,16
19/6/2023,15
20/6/2023,15
21/6/2023,16
22/6/2023,16
23/6/2023,15
24/6/2023,16
25/6/2023,15
26/6/2023,16
27/6/2023,16
28/6/2023,16
29/6/2023,16
30/6/2023,16
1/7/2023,16
2/7/2023,16
3/7/2023,16
4/7/2023,16
5/7/2023,16
6/7/2023,16
7/7/2023,16
8/7/2023,16
9/7/2023, 
10/7/2023,16
11/7/2023,16
12/7/2023,16
13/7/2023,15
14/7/2023,15
15/7/2023,15
16/7/2023,16
17/7/2023,15
18/7/2023,16
19/7/2023,15
20/7/2023,16
21/7/2023,16
22/7/2023,16
23/7/2023,15
24/7/2023,16
25/7/2023,16
26/7/2023,16
27/7/2023,16
28/7/2023,16
29/7/2023,16
30/7/2023,16
31/7/2023,16
1/8/2023,16
2/8/2023,16
3/8/2023,16
4/8/2023,16
5/8/2023,15
6/8/2023,16
7/8/2023,15
8/8/2023,15
9/8/2023,16
10/8/2023,16
11/8/2023,15
12/8/2023,16
13/8/2023,16
14/8/2023,16
15/8/2023,16
16/8/2023,16
17/8/2023,15
18/8/2023, 
19/8/2023, 
20/8/2023, 
21/8/2023,16
22/8/2023,15
23/8/2023,15
24/8/2023,15
25/8/2023,16
26/8/2023,15
27/8/2023,15
28/8/2023,15
29/8/2023,16
30/8/2023,16
31/8/2023,16
1/9/2023,16
2/9/2023,16
3/9/2023,16
4/9/2023,16
5/9/2023,15
6/9/2023,16
7/9/2023,15
8/9/2023,15
9/9/2023,16
10/9/2023,15
11/9/2023,15
12/9/2023,16
13/9/2023,16
14/9/2023,16
15/9/2023, 
16/9/2023,16
17/9/2023,15
18/9/2023,15
19/9/2023, 
20/9/2023,16
21/9/2023,16
22/9/2023,16
23/9/2023,16
24/9/2023,16
25/9/2023,16
26/9/2023, 
27/9/2023,16
28/9/2023,15
29/9/2023, 
30/9/2023,15
1/10/2023,16
2/10/2023,15
3/10/2023,15
4/10/2023,16
5/10/2023,16
6/10/2023,16
7/10/2023,16
8/10/2023,16
9/10/2023,16
10/10/2023,16
11/10/2023,16
12/10/2023,15
13/10/2023,16
14/10/2023, 
15/10/2023,16
16/10/2023, 
17/10/2023, 
18/10/2023,15
19/10/2023, 
20/10/2023,16
21/10/2023,16
22/10/2023,16
23/10/2023,16
24/10/2023,16
25/10/2023,16
26/10/2023,16
27/10/2023,16
28/10/2023,16
29/10/2023,15
30/10/2023, 
31/10/2023, 
1/11/2023, 
2/11/2023, 
3/11/2023, 
4/11/2023,15
5/11/2023,16
6/11/2023,16
7/11/2023,16
8/11/2023,16
9/11/2023,15
10/11/2023,16
11/11/2023,16
12/11/2023,15
13/11/2023, 
14/11/2023,16
15/11/2023,16
16/11/2023,16
17/11/2023,16
18/11/2023,16
19/11/2023,16
20/11/2023,16
21/11/2023,16
22/11/2023,16
23/11/2023,16
24/11/2023,16
25/11/2023,16
26/11/2023,15
27/11/2023,16
28/11/2023,16
29/11/2023,15
30/11/2023,16
1/12/2023,16
2/12/2023,16
3/12/2023,15
4/12/2023,16
5/12/2023,16
6/12/2023,16
7/12/2023,16
8/12/2023,15
9/12/2023,16
10/12/2023,16
11/12/2023,15
12/12/2023,16
13/12/2023,15
14/12/2023,15
15/12/2023,16
16/12/2023,15
17/12/2023,16
18/12/2023,16
19/12/2023,16
20/12/2023,15
21/12/2023,16
22/12/2023, 
23/12/2023, 
24/12/2023,16
25/12/2023,16
26/12/2023,16
27/12/2023,16
28/12/2023,16
29/12/2023,16
30/12/2023,16
31/12/2023, 
1/1/2024,15
2/1/2024,16
3/1/2024,15
4/1/2024, 
5/1/2024,15
6/1/2024,15
7/1/2024,16
8/1/2024,15
9/1/2024,15
10/1/2024,15
11/1/2024,15
12/1/2024,15
13/1/2024,15
14/1/2024,15
15/1/2024,15
16/1/2024,15
17/1/2024,15
18/1/2024,15
19/1/2024, 
20/1/2024, 
21/1/2024,14
22/1/2024,15
23/1/2024,15
24/1/2024,15
25/1/2024,15
26/1/2024,15
27/1/2024,15
28/1/2024,15
29/1/2024,15
30/1/2024,15
31/1/2024,15
1/2/2024,15
2/2/2024,15
3/2/2024,15
4/2/2024,15
5/2/2024,15
6/2/2024,22
7/2/2024,23
8/2/2024,28
9/2/2024,23
10/2/2024,32
11/2/2024,32
12/2/2024,31
13/2/2024,26
14/2/2024,25
15/2/2024,
16/2/2024,
17/2/2024,
18/2/2024,
19/2/2024,
20/2/2024,
21/2/2024,
22/2/2024,
23/2/2024,
24/2/2024,
25/2/2024,
26/2/2024,
27/2/2024,
28/2/2024,
29/2/2024,
1/3/2024,
2/3/2024,
3/3/2024,
4/3/2024,
5/3/2024,
6/3/2024,
7/3/2024,
8/3/2024,
9/3/2024,
10/3/2024,
11/3/2024,
12/3/2024,
13/3/2024,
14/3/2024,
15/3/2024,
16/3/2024,
17/3/2024,
18/3/2024,
19/3/2024,
20/3/2024,
21/3/2024,
22/3/2024,
23/3/2024,
24/3/2024,
25/3/2024,
26/3/2024,
27/3/2024,
28/3/2024,
29/3/2024,
30/3/2024,
31/3/2024,
1/4/2024,
2/4/2024,
3/4/2024,
4/4/2024,
5/4/2024,
6/4/2024,
7/4/2024,
8/4/2024,
9/4/2024,
10/4/2024,
11/4/2024,
12/4/2024,
13/4/2024,
14/4/2024,
15/4/2024,
16/4/2024,
17/4/2024,
18/4/2024,
19/4/2024,
20/4/2024,
21/4/2024,
22/4/2024,
23/4/2024,
24/4/2024,
25/4/2024,
26/4/2024,
27/4/2024,
28/4/2024,
29/4/2024,
30/4/2024,
1/5/2024,
2/5/2024,
3/5/2024,
4/5/2024,
5/5/2024,
6/5/2024,
7/5/2024,
8/5/2024,
9/5/2024,
10/5/2024,
11/5/2024,
12/5/2024,
13/5/2024,
14/5/2024,
15/5/2024,
16/5/2024,
17/5/2024,
18/5/2024,
19/5/2024,
20/5/2024,
21/5/2024,
22/5/2024,
23/5/2024,
24/5/2024,
25/5/2024,
26/5/2024,
27/5/2024,
28/5/2024,
29/5/2024,
30/5/2024,
31/5/2024,
1/6/2024,
2/6/2024,
3/6/2024,
4/6/2024,
5/6/2024,
6/6/2024,
7/6/2024,
8/6/2024,
9/6/2024,
10/6/2024,
11/6/2024,
12/6/2024,
13/6/2024,
14/6/2024,
15/6/2024,
16/6/2024,
17/6/2024,
18/6/2024,
19/6/2024,
20/6/2024,
21/6/2024,
22/6/2024,
23/6/2024,
24/6/2024,
25/6/2024,
26/6/2024,
27/6/2024,
28/6/2024,
29/6/2024,
30/6/2024,
1/7/2024,
2/7/2024,
3/7/2024,
4/7/2024,
5/7/2024,
6/7/2024,
7/7/2024,
8/7/2024,
9/7/2024,
10/7/2024,
11/7/2024,
12/7/2024,
13/7/2024,
14/7/2024,
15/7/2024,
16/7/2024,
17/7/2024,
18/7/2024,
19/7/2024,
20/7/2024,
21/7/2024,
22/7/2024,
23/7/2024,
24/7/2024,
25/7/2024,
26/7/2024,
27/7/2024,
28/7/2024,
29/7/2024,
30/7/2024,
31/7/2024,
1/8/2024,
2/8/2024,
3/8/2024,
4/8/2024,
5/8/2024,
6/8/2024,
7/8/2024,
8/8/2024,
9/8/2024,
10/8/2024,
11/8/2024,
12/8/2024,
13/8/2024,
14/8/2024,
15/8/2024,
16/8/2024,
17/8/2024,
18/8/2024,
19/8/2024,
20/8/2024,
21/8/2024,
22/8/2024,
23/8/2024,
24/8/2024,
25/8/2024,
26/8/2024,
27/8/2024,
28/8/2024,
29/8/2024,
30/8/2024,
31/8/2024,
