Date,05T,10T,11T,59T,61T,03T,50T,52T,53T,54T,08T,14T,17T,18T,19T,20T,21T,24T,25T,26T,27T,29T,30T,31T,32T,33T,34T,35T,36T,37T,38T,39T,40T,41T,42T,44T,46T,62T,63T,57T,58T,67T,68T,69T,70T,71T,72T,73T,75T,76T,77T,79T,80T
2018-01-01 00:00:00,17,,,21.0,30.0,,27.0,31.0,15.0,,31.0,,,,25.0,,,17.0,,23.0,35.0,,16.0,,,,,27.0,20.0,,,,16.0,,,10.0,16.0,11.0,18.0,,,,,,,,,,10.0,25.0,24.0,26.0,10.0
2018-01-02 00:00:00,25,,,26.0,33.0,,30.0,37.0,17.0,,33.0,,,,33.0,,,21.0,,35.0,45.0,,20.0,,27.0,,,28.0,,,,,17.0,,,15.0,20.0,13.0,19.0,,,,,,,,,,15.0,28.0,29.0,31.0,13.0
2018-01-03 00:00:00,34,,,38.0,42.0,,40.0,50.0,22.0,,40.0,,,,38.0,,,35.0,,42.0,60.0,,29.0,,34.0,,,28.0,16.0,,,,19.0,,,10.0,23.0,16.0,18.0,,,,,,,,,,18.0,29.0,32.0,36.0,11.0
2018-01-04 00:00:00,41,,,39.0,45.0,,45.0,53.0,24.0,,51.0,,,,55.0,,,36.0,,49.0,79.0,,37.0,,45.0,,,30.0,21.0,,,,20.0,,,11.0,20.0,11.0,20.0,,,,,,,,,,20.0,32.0,44.0,44.0,12.0
2018-01-05 00:00:00,42,,,51.0,53.0,,51.0,58.0,27.0,,59.0,,,,56.0,,,47.0,,48.0,72.0,,55.0,,64.0,,,23.0,22.0,,,,20.0,,,14.0,36.0,17.0,22.0,,,,,,,,,,20.0,37.0,49.0,47.0,12.0
2018-01-06 00:00:00,46,,,42.0,,,48.0,52.0,25.0,,54.0,,,,60.0,,,61.0,,52.0,49.0,,46.0,,68.0,,,30.0,39.0,,,,22.0,,,13.0,35.0,13.0,20.0,,,,,,,,,,18.0,40.0,49.0,58.0,14.0
2018-01-07 00:00:00,8,,,26.0,,,19.0,20.0,10.0,,15.0,,,,18.0,,,41.0,,16.0,18.0,,17.0,,,,,31.0,40.0,,,,29.0,,,10.0,31.0,9.0,15.0,,,,,,,,,,22.0,34.0,24.0,37.0,12.0
2018-01-08 00:00:00,8,,,10.0,,,16.0,16.0,10.0,,15.0,,,,21.0,,,34.0,,12.0,10.0,,16.0,,,,,26.0,35.0,,,,45.0,,,13.0,35.0,6.0,15.0,,,,,,,,,,28.0,32.0,30.0,22.0,8.0
2018-01-09 00:00:00,8,,,22.0,14.0,,22.0,21.0,14.0,,19.0,,,,17.0,,,46.0,,22.0,12.0,,23.0,,,,,24.0,24.0,,,,26.0,,,9.0,30.0,6.0,19.0,,,,,,,,,,20.0,30.0,40.0,35.0,9.0
2018-01-10 00:00:00,10,,,10.0,9.0,,17.0,21.0,8.0,,21.0,,,,20.0,,,29.0,,26.0,26.0,,18.0,,,,,22.0,23.0,,,,29.0,,,8.0,15.0,10.0,18.0,,,,,,,,,,19.0,25.0,,31.0,8.0
2018-01-11 00:00:00,22,,,25.0,29.0,,35.0,44.0,18.0,,35.0,,,,30.0,,,33.0,,35.0,50.0,,16.0,,25.0,,,37.0,30.0,,,,28.0,,,6.0,27.0,8.0,15.0,,,,,,,,,,11.0,27.0,31.0,26.0,8.0
2018-01-12 00:00:00,26,,,34.0,33.0,,37.0,50.0,16.0,,39.0,,,,31.0,,,27.0,,50.0,58.0,,18.0,,26.0,,,21.0,,,,,11.0,,,12.0,27.0,,16.0,,,,,,,,,,18.0,31.0,28.0,32.0,8.0
2018-01-13 00:00:00,34,,,36.0,46.0,,44.0,58.0,19.0,,50.0,,,,41.0,,,33.0,,51.0,65.0,,27.0,,35.0,,,25.0,15.0,,,,21.0,,,19.0,31.0,12.0,21.0,,,,,,,,,,23.0,27.0,47.0,41.0,14.0
2018-01-14 00:00:00,41,,,38.0,48.0,,45.0,62.0,20.0,,52.0,,,,56.0,,,42.0,,51.0,61.0,,35.0,,43.0,,,33.0,25.0,,,,27.0,,,17.0,24.0,13.0,25.0,,,,,,,,,,23.0,35.0,37.0,45.0,19.0
2018-01-15 00:00:00,43,,,52.0,54.0,,55.0,72.0,25.0,,63.0,,,,50.0,,,43.0,,46.0,80.0,,35.0,,40.0,,,36.0,34.0,,,,26.0,,,15.0,30.0,17.0,25.0,,,,,,,,,,26.0,54.0,35.0,45.0,17.0
2018-01-16 00:00:00,58,,,55.0,64.0,,67.0,77.0,31.0,,76.0,,,,70.0,,,60.0,,61.0,93.0,,35.0,,57.0,,,40.0,36.0,,,,32.0,,,13.0,42.0,17.0,22.0,,,,,,,,,,24.0,53.0,58.0,51.0,14.0
2018-01-17 00:00:00,99,,,69.0,81.0,,87.0,99.0,40.0,,106.0,,,,105.0,,,80.0,,73.0,114.0,,64.0,,96.0,,,40.0,33.0,,,,27.0,,,14.0,47.0,13.0,24.0,,,,,,,,,,23.0,47.0,61.0,60.0,12.0
2018-01-18 00:00:00,50,,,54.0,61.0,,59.0,73.0,30.0,,63.0,,,,70.0,,,69.0,,73.0,105.0,,75.0,,67.0,,,35.0,29.0,,,,34.0,,,16.0,35.0,16.0,25.0,,,,,,,,,,24.0,45.0,49.0,61.0,20.0
2018-01-19 00:00:00,53,,,57.0,58.0,,59.0,76.0,31.0,,70.0,,,,60.0,,,64.0,,69.0,105.0,,49.0,,41.0,,,33.0,27.0,,,,32.0,,,13.0,33.0,16.0,19.0,,,,,,,,,,22.0,46.0,45.0,57.0,18.0
2018-01-20 00:00:00,42,,,45.0,55.0,,51.0,65.0,26.0,,56.0,,,,56.0,,,53.0,,67.0,83.0,,37.0,,46.0,,,37.0,32.0,,,,32.0,,,12.0,31.0,6.0,14.0,,,,,,,,,,17.0,62.0,41.0,58.0,10.0
2018-01-21 00:00:00,63,,,62.0,69.0,,72.0,87.0,33.0,,82.0,,,,79.0,,,66.0,,66.0,108.0,,61.0,,78.0,,,41.0,34.0,,,,34.0,,,10.0,39.0,15.0,18.0,,,,,,,,,,25.0,57.0,48.0,57.0,9.0
2018-01-22 00:00:00,66,,,97.0,75.0,,77.0,105.0,38.0,,92.0,,,,74.0,,,69.0,,65.0,111.0,,52.0,,83.0,,,33.0,23.0,,,,30.0,,,9.0,30.0,8.0,16.0,,,,,,,,,,25.0,56.0,47.0,66.0,9.0
2018-01-23 00:00:00,49,,,66.0,55.0,,61.0,78.0,30.0,,65.0,,,,51.0,,,62.0,,,81.0,,30.0,,58.0,,,32.0,26.0,,,,33.0,,,,35.0,9.0,16.0,,,,,,,,,,19.0,55.0,46.0,66.0,11.0
2018-01-24 00:00:00,44,,,,58.0,,61.0,72.0,47.0,,60.0,,,,65.0,,,69.0,,64.0,74.0,,30.0,,52.0,,,24.0,18.0,,,,32.0,,,9.0,38.0,14.0,18.0,,,,,,,,,,20.0,48.0,49.0,79.0,9.0
2018-01-25 00:00:00,19,,,,27.0,,34.0,35.0,35.0,,31.0,,,,32.0,,,66.0,,53.0,25.0,,12.0,,35.0,,,27.0,19.0,,,,34.0,,,11.0,47.0,14.0,19.0,,,,,,,,,,22.0,52.0,52.0,73.0,9.0
2018-01-26 00:00:00,9,,,17.0,16.0,,22.0,24.0,22.0,,18.0,,,,18.0,,,60.0,,22.0,13.0,,13.0,,24.0,,,26.0,19.0,,,,53.0,,,11.0,39.0,18.0,21.0,,,,,,,,,,29.0,44.0,39.0,39.0,11.0
2018-01-27 00:00:00,8,,,17.0,12.0,,19.0,21.0,20.0,,18.0,,,,23.0,,,35.0,,17.0,12.0,,11.0,,24.0,,,30.0,26.0,,,,38.0,,,8.0,25.0,13.0,21.0,,,,,,,,,,30.0,41.0,33.0,26.0,11.0
2018-01-28 00:00:00,7,,,13.0,13.0,,19.0,23.0,18.0,,18.0,,,,17.0,,,39.0,,20.0,12.0,,10.0,,,,,29.0,24.0,,,,38.0,,,11.0,,16.0,21.0,,,,,,,,,,19.0,49.0,32.0,28.0,9.0
2018-01-29 00:00:00,7,,,19.0,14.0,,20.0,24.0,19.0,,22.0,,,,19.0,,,42.0,,22.0,14.0,,11.0,,23.0,,,32.0,25.0,,,,24.0,,,11.0,50.0,16.0,20.0,,,,,,,,,,16.0,46.0,33.0,27.0,12.0
2018-01-30 00:00:00,8,,,16.0,16.0,,21.0,24.0,19.0,,19.0,,,,21.0,,,48.0,,21.0,14.0,,10.0,,23.0,,,29.0,21.0,,,,25.0,,,11.0,25.0,19.0,19.0,,,,,,,,,,16.0,47.0,30.0,27.0,13.0
2018-01-31 00:00:00,10,,,,19.0,,21.0,24.0,22.0,,23.0,,,,22.0,,,44.0,,20.0,13.0,,10.0,,21.0,,,32.0,30.0,,,,38.0,,,7.0,33.0,18.0,18.0,,,,,,,,,,21.0,60.0,28.0,25.0,13.0
2018-02-01 00:00:00,23,,,,33.0,,35.0,43.0,30.0,,36.0,,,,36.0,,,34.0,,17.0,23.0,,16.0,,31.0,,,35.0,26.0,,,,36.0,,,7.0,39.0,14.0,19.0,,,,,,,,,,16.0,59.0,33.0,27.0,10.0
2018-02-02 00:00:00,41,,,,54.0,,51.0,60.0,47.0,,56.0,,,,51.0,,,53.0,,49.0,59.0,,18.0,,37.0,,,36.0,32.0,,,,41.0,,,10.0,47.0,17.0,19.0,,,,,,,,,,22.0,62.0,50.0,42.0,11.0
2018-02-03 00:00:00,,,,,53.0,,52.0,64.0,51.0,,61.0,,,,52.0,,,42.0,,50.0,69.0,,33.0,,45.0,,,57.0,50.0,,,,52.0,,,11.0,,17.0,21.0,,,,,,,,,,32.0,69.0,46.0,43.0,11.0
2018-02-04 00:00:00,,,,,65.0,,59.0,74.0,59.0,,71.0,,,,60.0,,,47.0,,72.0,84.0,,45.0,,56.0,,,59.0,51.0,,,,57.0,,,12.0,,19.0,22.0,,,,,,,,,,35.0,73.0,57.0,59.0,15.0
2018-02-05 00:00:00,,,,,67.0,,62.0,79.0,59.0,,75.0,,,,65.0,,,48.0,,88.0,104.0,,50.0,,61.0,,,64.0,54.0,,,,60.0,,,13.0,,20.0,22.0,,,,,,,,,,39.0,80.0,62.0,66.0,16.0
2018-02-06 00:00:00,,,,,58.0,,51.0,61.0,51.0,,66.0,,,,59.0,,,57.0,,88.0,90.0,,47.0,,54.0,,,74.0,65.0,,,,66.0,,,16.0,,23.0,25.0,,,,,,,,,,41.0,74.0,59.0,69.0,18.0
2018-02-07 00:00:00,,,,,90.0,,86.0,95.0,79.0,,96.0,,,,86.0,,,81.0,,89.0,115.0,,47.0,,73.0,,,63.0,57.0,,,,64.0,,,17.0,,23.0,30.0,,,,,,,,,,44.0,49.0,78.0,85.0,19.0
2018-02-08 00:00:00,62,,,,90.0,,76.0,80.0,81.0,,83.0,,,,82.0,,,94.0,,69.0,61.0,,49.0,,72.0,,,58.0,51.0,,,,67.0,,,23.0,76.0,29.0,33.0,,,,,,,,,,46.0,55.0,82.0,81.0,20.0
2018-02-09 00:00:00,,,,,50.0,,48.0,55.0,50.0,,49.0,,,,49.0,,,70.0,,53.0,39.0,,38.0,,58.0,,,53.0,47.0,,,,75.0,,,31.0,82.0,42.0,45.0,,,,,,,,,,51.0,53.0,82.0,60.0,34.0
2018-02-10 00:00:00,,,,,48.0,,43.0,50.0,47.0,,45.0,,,,45.0,,,65.0,,42.0,36.0,,32.0,,48.0,,,48.0,39.0,,,,59.0,,,25.0,92.0,33.0,42.0,,,,,,,,,,41.0,63.0,77.0,50.0,28.0
2018-02-11 00:00:00,,,,,48.0,,44.0,53.0,48.0,,45.0,,,,43.0,,,87.0,,55.0,38.0,,28.0,,46.0,,,47.0,42.0,,,,54.0,,,30.0,61.0,38.0,43.0,,,,,,,,,,34.0,60.0,76.0,68.0,33.0
2018-02-12 00:00:00,,,,,56.0,,55.0,64.0,52.0,,62.0,,,,57.0,,,51.0,,61.0,51.0,,28.0,,53.0,,,59.0,54.0,,,,62.0,,,19.0,26.0,27.0,31.0,,,,,,,,,,38.0,69.0,67.0,75.0,26.0
2018-02-13 00:00:00,56,,,,52.0,,46.0,60.0,48.0,,60.0,,,,53.0,,,42.0,,71.0,67.0,,37.0,,46.0,,,70.0,65.0,,,,45.0,,,13.0,31.0,21.0,22.0,,,,,,,,,,30.0,61.0,41.0,57.0,12.0
2018-02-14 00:00:00,73,,,,74.0,,72.0,94.0,70.0,,80.0,,,,64.0,,,65.0,,68.0,99.0,,38.0,,56.0,,,67.0,64.0,,,,49.0,,,16.0,53.0,17.0,23.0,,,,,,,,,,35.0,66.0,61.0,64.0,17.0
2018-02-15 00:00:00,57,,,,59.0,,60.0,68.0,60.0,,62.0,,,,57.0,,,80.0,,64.0,64.0,,38.0,,61.0,,,54.0,49.0,,,,57.0,,,19.0,70.0,20.0,25.0,,,,,,,,,,38.0,72.0,72.0,75.0,20.0
2018-02-16 00:00:00,47,,,,45.0,,48.0,54.0,49.0,,44.0,,,,44.0,,,76.0,,54.0,46.0,,27.0,,50.0,,,37.0,34.0,,,,44.0,,,25.0,75.0,24.0,29.0,,,,,,,,,,25.0,63.0,71.0,56.0,28.0
2018-02-17 00:00:00,44,,,,43.0,,47.0,51.0,45.0,,43.0,,,,49.0,,,68.0,,49.0,43.0,,25.0,,50.0,,,41.0,37.0,,,,43.0,,,29.0,70.0,27.0,33.0,,,,,,,,,,24.0,62.0,65.0,54.0,31.0
2018-02-18 00:00:00,39,,,,37.0,,41.0,47.0,39.0,,40.0,,,,43.0,,,51.0,,41.0,37.0,,27.0,,46.0,,,46.0,,,,,56.0,,,27.0,77.0,33.0,39.0,,,,,,,,,,34.0,83.0,55.0,50.0,33.0
2018-02-19 00:00:00,32,,,,32.0,,35.0,43.0,36.0,,35.0,,,,33.0,,,55.0,,43.0,28.0,,23.0,,37.0,,,53.0,57.0,,,,74.0,,,,65.0,23.0,27.0,,,,,,,,,,44.0,94.0,58.0,59.0,14.0
2018-02-20 00:00:00,12,,,,11.0,,17.0,20.0,15.0,,,,,,15.0,,,42.0,,15.0,11.0,,15.0,,22.0,,,55.0,59.0,,,,71.0,,,7.0,58.0,17.0,18.0,,,,,,,,,,46.0,79.0,40.0,29.0,10.0
2018-02-21 00:00:00,17,,,,18.0,,21.0,26.0,20.0,,19.0,,,,18.0,,,29.0,,13.0,16.0,,12.0,,24.0,,,55.0,61.0,,,,41.0,,,8.0,49.0,18.0,20.0,,,,,,,,,,46.0,65.0,33.0,28.0,11.0
2018-02-22 00:00:00,23,,,,22.0,,27.0,33.0,26.0,,23.0,,,,26.0,,,32.0,,28.0,17.0,,11.0,,28.0,,,45.0,43.0,,,,37.0,,,8.0,23.0,15.0,22.0,,,,,,,,,,35.0,47.0,35.0,36.0,12.0
2018-02-23 00:00:00,31,,,,29.0,,33.0,38.0,29.0,,30.0,,,,35.0,,,30.0,,20.0,18.0,,11.0,,31.0,,,41.0,39.0,,,,22.0,,,7.0,19.0,15.0,17.0,,,,,,,,,,11.0,35.0,32.0,32.0,9.0
2018-02-24 00:00:00,40,,,,40.0,,41.0,48.0,41.0,,37.0,,,,40.0,,,45.0,,26.0,29.0,,16.0,,46.0,,,47.0,39.0,,,,23.0,,,9.0,27.0,13.0,14.0,,,,,,,,,,11.0,24.0,50.0,35.0,9.0
2018-02-25 00:00:00,35,,,,37.0,,36.0,48.0,41.0,,32.0,,,,35.0,,,46.0,,41.0,21.0,,21.0,,36.0,,,42.0,37.0,,,,34.0,,,12.0,38.0,17.0,22.0,,,,,,,,,,17.0,28.0,48.0,53.0,14.0
2018-02-26 00:00:00,40,,,,38.0,,44.0,55.0,40.0,,41.0,,,,39.0,,,43.0,,40.0,37.0,,17.0,,35.0,,,54.0,49.0,,,,33.0,,,11.0,25.0,19.0,23.0,,,,,,,,,,21.0,29.0,44.0,40.0,14.0
2018-02-27 00:00:00,31,,,,29.0,,33.0,32.0,35.0,,30.0,,,,33.0,,,39.0,,28.0,25.0,,15.0,,25.0,,,53.0,43.0,,,,31.0,,,10.0,26.0,19.0,21.0,,,,,,,,,,22.0,34.0,39.0,32.0,12.0
2018-02-28 00:00:00,38,,,,39.0,,42.0,38.0,40.0,,37.0,,,,37.0,,,46.0,,24.0,38.0,,17.0,,30.0,,,75.0,75.0,,,,36.0,,,9.0,41.0,,19.0,,,,,,,,,,29.0,54.0,40.0,26.0,12.0
2018-03-01 00:00:00,24,,,,26.0,,28.0,27.0,29.0,,23.0,,,,25.0,,,42.0,,29.0,22.0,,16.0,,30.0,,,79.0,82.0,,,,50.0,,,12.0,60.0,13.0,22.0,,,,,,,,,,35.0,54.0,50.0,28.0,16.0
2018-03-02 00:00:00,24,,,,21.0,,27.0,27.0,25.0,,17.0,,,,29.0,,,41.0,,29.0,21.0,,14.0,,27.0,,,72.0,74.0,,,,54.0,,,9.0,59.0,16.0,16.0,,,,,,,,,,41.0,63.0,39.0,26.0,12.0
2018-03-03 00:00:00,15,,,,13.0,,19.0,19.0,17.0,,,,,,20.0,,,34.0,,22.0,12.0,,9.0,,15.0,,,57.0,58.0,,,,48.0,,,9.0,52.0,12.0,17.0,,,,,,,,,,32.0,59.0,25.0,36.0,10.0
2018-03-04 00:00:00,12,,,,11.0,,19.0,18.0,16.0,,,,,,15.0,,,32.0,,21.0,11.0,,6.0,,12.0,,,59.0,,,,,67.0,,,7.0,48.0,12.0,17.0,,,,,,,,,,34.0,69.0,21.0,39.0,12.0
2018-03-05 00:00:00,11,,,,10.0,,18.0,14.0,17.0,,,,,,18.0,,,46.0,,23.0,9.0,,10.0,,16.0,,,67.0,66.0,,,,117.0,,,7.0,50.0,15.0,19.0,,,,,,,,,,50.0,100.0,28.0,46.0,9.0
2018-03-06 00:00:00,14,,,,12.0,,20.0,17.0,17.0,,,,,,23.0,,,37.0,,17.0,,,10.0,,19.0,,,94.0,86.0,,,,81.0,,,6.0,69.0,13.0,18.0,,,,,,,,,,46.0,107.0,21.0,35.0,10.0
2018-03-07 00:00:00,17,,,,15.0,,22.0,19.0,22.0,,,,,,25.0,,,29.0,,18.0,,,10.0,,26.0,,,65.0,68.0,,,,83.0,,,8.0,34.0,15.0,20.0,,,,,,,,,,58.0,91.0,22.0,34.0,9.0
2018-03-08 00:00:00,23,,,,23.0,,30.0,29.0,27.0,,23.0,,,,28.0,,,39.0,,21.0,12.0,,13.0,,26.0,,,102.0,100.0,,,,61.0,,,10.0,33.0,12.0,18.0,,,,,,,,,,68.0,133.0,23.0,23.0,12.0
2018-03-09 00:00:00,29,,,,27.0,,31.0,32.0,28.0,,30.0,,,,29.0,,,30.0,,27.0,31.0,,21.0,,31.0,,,73.0,72.0,,,,41.0,,,11.0,27.0,18.0,19.0,,,,,,,,,,16.0,114.0,24.0,24.0,13.0
2018-03-10 00:00:00,43,,,,41.0,,43.0,47.0,43.0,,42.0,,,,44.0,,,38.0,,39.0,53.0,,25.0,,37.0,,,39.0,38.0,,,,38.0,,,10.0,40.0,14.0,20.0,,,,,,,,,,18.0,50.0,46.0,37.0,13.0
2018-03-11 00:00:00,62,,,,61.0,,61.0,65.0,58.0,,66.0,,,,67.0,,,55.0,,63.0,70.0,,37.0,,56.0,,,56.0,59.0,,,,61.0,,,14.0,40.0,20.0,23.0,,,,,,,,,,27.0,54.0,57.0,52.0,14.0
2018-03-12 00:00:00,76,,,,76.0,,80.0,87.0,75.0,,82.0,,,,74.0,,,81.0,,74.0,87.0,,40.0,,66.0,,,51.0,54.0,,,,62.0,,,16.0,43.0,21.0,25.0,,,,,,,,,,44.0,56.0,68.0,63.0,17.0
2018-03-13 00:00:00,40,,,,40.0,,43.0,45.0,42.0,,40.0,,,,36.0,,,66.0,,59.0,,,22.0,,44.0,,,46.0,48.0,,,,56.0,,,13.0,57.0,18.0,23.0,,,,,,,,,,38.0,58.0,69.0,47.0,14.0
2018-03-14 00:00:00,28,,,,,,30.0,33.0,29.0,,26.0,,,,27.0,,,43.0,,30.0,,,17.0,,30.0,,,66.0,61.0,,,,74.0,,,15.0,58.0,20.0,24.0,,,,,,,,,,42.0,70.0,40.0,35.0,18.0
2018-03-15 00:00:00,26,,,,30.0,,27.0,26.0,24.0,,24.0,,,,30.0,,,38.0,,24.0,,,11.0,,27.0,,,74.0,74.0,,,,73.0,,,14.0,41.0,16.0,22.0,,,,,,,,,,58.0,69.0,29.0,36.0,18.0
2018-03-16 00:00:00,25,,,,31.0,,26.0,,25.0,,28.0,,,,28.0,,,32.0,,27.0,17.0,,13.0,,27.0,,,86.0,83.0,,,,75.0,,,16.0,45.0,18.0,20.0,,,,,,,,,,65.0,74.0,35.0,42.0,15.0
2018-03-17 00:00:00,19,,,,22.0,,20.0,20.0,18.0,,21.0,,,,22.0,,,37.0,,16.0,14.0,,11.0,,21.0,,,88.0,87.0,,,,62.0,,,8.0,56.0,12.0,18.0,,,,,,,,,,53.0,87.0,27.0,32.0,12.0
2018-03-18 00:00:00,14,,,,18.0,,16.0,16.0,13.0,,,,,,18.0,,,29.0,,16.0,,,9.0,,21.0,,,97.0,95.0,,,,75.0,,,7.0,58.0,15.0,18.0,,,,,,,,,,51.0,73.0,28.0,31.0,7.0
2018-03-19 00:00:00,15,,,,19.0,,16.0,16.0,15.0,,17.0,,,,21.0,,,28.0,,16.0,,,8.0,,18.0,,,67.0,73.0,,,,80.0,,,,47.0,16.0,20.0,,,,,,,,,,35.0,62.0,30.0,39.0,11.0
2018-03-20 00:00:00,22,,,,25.0,,25.0,25.0,21.0,,28.0,,,,23.0,,,40.0,,28.0,17.0,,11.0,,21.0,,,60.0,59.0,,,,81.0,,,,59.0,22.0,21.0,,,,,,,,,,46.0,98.0,28.0,40.0,12.0
2018-03-21 00:00:00,27,,,,29.0,,26.0,25.0,25.0,,30.0,,,,26.0,,,36.0,,25.0,15.0,,14.0,,26.0,,,82.0,83.0,,,,95.0,,,15.0,35.0,20.0,24.0,,,,,,,,,,62.0,111.0,24.0,37.0,14.0
2018-03-22 00:00:00,38,,,,38.0,,34.0,38.0,32.0,,38.0,,,,34.0,,,44.0,,30.0,26.0,,18.0,,35.0,,,79.0,74.0,,,,68.0,,,14.0,46.0,16.0,23.0,,,,,,,,,,85.0,84.0,38.0,34.0,11.0
2018-03-23 00:00:00,46,,,,52.0,,45.0,48.0,42.0,,49.0,,,,44.0,,,48.0,,41.0,37.0,,25.0,,40.0,,,72.0,69.0,,,,77.0,,,12.0,42.0,16.0,20.0,,,,,,,,,,62.0,73.0,46.0,51.0,11.0
2018-03-24 00:00:00,54,,,,60.0,,50.0,50.0,51.0,,54.0,,,,52.0,,,68.0,,44.0,42.0,,25.0,,44.0,,,68.0,64.0,,,,74.0,,,13.0,49.0,15.0,19.0,,,,,,,,,,80.0,80.0,63.0,60.0,12.0
2018-03-25 00:00:00,41,,,,47.0,,37.0,37.0,38.0,,,,,,40.0,,,68.0,,46.0,29.0,,23.0,,41.0,,,76.0,72.0,,,,81.0,,,15.0,57.0,20.0,23.0,,,,,,,,,,89.0,64.0,55.0,55.0,17.0
2018-03-26 00:00:00,33,,,,36.0,,31.0,29.0,30.0,,34.0,,,,30.0,,,51.0,,38.0,21.0,,20.0,,33.0,,,70.0,71.0,,,,87.0,,,15.0,55.0,18.0,24.0,,,,,,,,,,88.0,50.0,46.0,46.0,15.0
2018-03-27 00:00:00,45,,,,41.0,,43.0,42.0,41.0,,,,,,95.0,,,63.0,,46.0,32.0,,19.0,,44.0,,,57.0,60.0,,,,72.0,,,18.0,43.0,23.0,25.0,,,,,,,,,,48.0,49.0,50.0,38.0,19.0
2018-03-28 00:00:00,35,,,,33.0,,33.0,32.0,32.0,,31.0,,,,32.0,,,58.0,,30.0,25.0,,19.0,,30.0,,,77.0,74.0,,,,79.0,,,19.0,58.0,29.0,26.0,,,,,,,,,,47.0,71.0,37.0,31.0,24.0
2018-03-29 00:00:00,32,,,,29.0,,28.0,28.0,25.0,,28.0,,,,33.0,,,32.0,,26.0,21.0,,17.0,,23.0,,,104.0,108.0,,,,89.0,,,20.0,72.0,25.0,30.0,,,,,,,,,,62.0,74.0,24.0,35.0,21.0
2018-03-30 00:00:00,35,,,28.0,31.0,,32.0,29.0,31.0,,29.0,,,,33.0,,,35.0,,33.0,24.0,,22.0,,26.0,,,105.0,107.0,,,,81.0,,,26.0,44.0,26.0,27.0,,,,,,,,,,65.0,69.0,28.0,42.0,21.0
2018-03-31 00:00:00,37,,,30.0,34.0,,33.0,30.0,34.0,,31.0,,,,39.0,,,43.0,,31.0,22.0,,19.0,,26.0,,,,72.0,,,,68.0,,,29.0,44.0,32.0,27.0,,,,,,,,,,51.0,62.0,30.0,35.0,20.0
2018-04-01 00:00:00,47,,,33.0,45.0,,42.0,42.0,44.0,,40.0,,,,39.0,,,41.0,,33.0,35.0,,15.0,,31.0,,,47.0,45.0,,,,48.0,,,31.0,39.0,32.0,37.0,,,,,,,,,,40.0,34.0,39.0,34.0,18.0
2018-04-02 00:00:00,42,,,36.0,44.0,,41.0,42.0,43.0,,44.0,,,,42.0,,,56.0,,35.0,38.0,,17.0,,27.0,,,52.0,52.0,,,,49.0,,,24.0,47.0,26.0,28.0,,,,,,,,,,40.0,42.0,46.0,42.0,22.0
2018-04-03 00:00:00,,,,33.0,43.0,,45.0,45.0,40.0,,47.0,,,,43.0,,,49.0,,30.0,36.0,,16.0,,29.0,,,34.0,34.0,,,,33.0,,,19.0,58.0,23.0,29.0,,,,,,,,,,25.0,38.0,40.0,30.0,23.0
2018-04-04 00:00:00,,,,26.0,30.0,,29.0,23.0,27.0,,31.0,,,,,,,37.0,,32.0,21.0,,18.0,,24.0,,,41.0,43.0,,,,50.0,,,19.0,72.0,25.0,29.0,,,,,,,,,,33.0,35.0,30.0,34.0,24.0
2018-04-05 00:00:00,,,,26.0,34.0,,34.0,21.0,32.0,,37.0,,,,31.0,,,48.0,,29.0,30.0,,19.0,,27.0,,,33.0,37.0,,,,30.0,,,19.0,62.0,23.0,28.0,,,,,,,,,,25.0,28.0,30.0,36.0,23.0
2018-04-06 00:00:00,,,,36.0,43.0,,43.0,36.0,43.0,,51.0,,,,40.0,,,42.0,,29.0,37.0,,22.0,,30.0,,,26.0,28.0,,,,30.0,,,19.0,46.0,26.0,31.0,,,,,,,,,,28.0,40.0,28.0,22.0,21.0
2018-04-07 00:00:00,,,,12.0,20.0,,19.0,15.0,20.0,,27.0,,,,17.0,,,13.0,,28.0,23.0,,9.0,,16.0,,,23.0,20.0,,,,12.0,,,13.0,20.0,25.0,26.0,,,,,,,,,,,19.0,12.0,18.0,16.0
2018-04-08 00:00:00,,,,20.0,26.0,,28.0,24.0,28.0,,30.0,,,,20.0,,,23.0,,25.0,36.0,,12.0,,16.0,,,18.0,14.0,,,,17.0,,,12.0,32.0,17.0,20.0,,,,,,,,,,19.0,16.0,18.0,20.0,13.0
2018-04-09 00:00:00,,,,38.0,43.0,,45.0,45.0,42.0,,51.0,,,,46.0,,,40.0,,39.0,80.0,,24.0,,29.0,,,25.0,27.0,,,,23.0,,,13.0,40.0,20.0,20.0,,,,,,,,,,17.0,37.0,32.0,37.0,12.0
2018-04-10 00:00:00,43,,,51.0,52.0,,,56.0,52.0,,62.0,,,,58.0,,,60.0,,39.0,63.0,,36.0,,38.0,,,41.0,43.0,,,,42.0,,,11.0,52.0,10.0,15.0,,,,,,,,,,24.0,58.0,38.0,40.0,12.0
2018-04-11 00:00:00,19,,,25.0,30.0,,30.0,18.0,28.0,,32.0,,,,26.0,,,46.0,,36.0,21.0,,19.0,,26.0,,,72.0,76.0,,,,78.0,,,11.0,49.0,15.0,17.0,,,,,,,,,,41.0,60.0,39.0,34.0,9.0
2018-04-12 00:00:00,11,,,16.0,21.0,,21.0,10.0,18.0,,18.0,,,,20.0,,,26.0,,25.0,,,11.0,,16.0,,,69.0,69.0,,,,75.0,,,11.0,47.0,14.0,19.0,,,,,,,,,,54.0,57.0,22.0,34.0,13.0
2018-04-13 00:00:00,9,,,16.0,21.0,,19.0,10.0,16.0,,22.0,,,,20.0,,,25.0,,24.0,,,11.0,,15.0,,,71.0,76.0,,,,81.0,,,11.0,39.0,15.0,19.0,,,,,,,,,,65.0,57.0,19.0,29.0,10.0
2018-04-14 00:00:00,9,,,16.0,21.0,,20.0,12.0,17.0,,20.0,,,,21.0,,,27.0,,25.0,,,10.0,,16.0,,,89.0,86.0,,,,85.0,,,9.0,40.0,13.0,18.0,,,,,,,,,,63.0,70.0,19.0,30.0,8.0
2018-04-15 00:00:00,8,,,15.0,21.0,,20.0,12.0,18.0,,18.0,,,,20.0,,,19.0,,24.0,,,8.0,,16.0,,,94.0,76.0,,,,75.0,,,13.0,35.0,10.0,14.0,,,,,,,,,,68.0,62.0,15.0,30.0,10.0
2018-04-16 00:00:00,16,,,22.0,28.0,,24.0,18.0,26.0,,24.0,,,,24.0,,,21.0,,17.0,,,13.0,,19.0,,,64.0,61.0,,,,38.0,,,9.0,30.0,13.0,18.0,,,,,,,,,,30.0,83.0,18.0,27.0,10.0
2018-04-17 00:00:00,10,,,14.0,21.0,,19.0,13.0,16.0,,21.0,,,,21.0,,,24.0,,18.0,,,9.0,,15.0,,,33.0,33.0,,,,24.0,,,10.0,23.0,17.0,18.0,,,,,,,,,,13.0,55.0,12.0,19.0,13.0
2018-04-18 00:00:00,19,,,21.0,32.0,,31.0,25.0,32.0,,33.0,,,,26.0,,,24.0,,32.0,,,10.0,,20.0,,,27.0,25.0,,,,22.0,,,10.0,37.0,18.0,23.0,,,,,,,,,,12.0,43.0,23.0,25.0,11.0
2018-04-19 00:00:00,12,,,16.0,26.0,,22.0,16.0,20.0,,28.0,,,,21.0,,,37.0,,28.0,,,11.0,,23.0,,,35.0,34.0,,,,41.0,,,11.0,,20.0,24.0,,,,,,,,,,21.0,48.0,27.0,28.0,12.0
2018-04-20 00:00:00,9,,,14.0,22.0,,20.0,14.0,17.0,,22.0,,,,32.0,,,27.0,,26.0,12.0,,12.0,,20.0,,,46.0,50.0,,,,50.0,,,12.0,41.0,18.0,24.0,,,,,,,,,,25.0,,22.0,19.0,15.0
2018-04-21 00:00:00,11,,,17.0,23.0,,22.0,16.0,19.0,,24.0,,,,31.0,,,31.0,,23.0,17.0,,14.0,,20.0,,,56.0,57.0,,,,63.0,,,12.0,50.0,17.0,21.0,,,,,,,,,,34.0,52.0,23.0,26.0,14.0
2018-04-22 00:00:00,9,,,13.0,20.0,,17.0,14.0,15.0,,21.0,,,,18.0,,,26.0,,22.0,13.0,,11.0,,19.0,,,76.0,80.0,,,,72.0,,,13.0,57.0,16.0,20.0,,,,,,,,,,45.0,46.0,17.0,25.0,14.0
2018-04-23 00:00:00,13,,,20.0,26.0,,27.0,21.0,23.0,,26.0,,,,18.0,,,31.0,,23.0,18.0,,11.0,,17.0,,,75.0,73.0,,,,67.0,,,15.0,47.0,18.0,22.0,,,,,,,,,,60.0,39.0,21.0,31.0,18.0
2018-04-24 00:00:00,11,,,18.0,22.0,,23.0,16.0,20.0,,26.0,,,,19.0,,,28.0,,24.0,20.0,,12.0,,18.0,,,85.0,82.0,,,,73.0,,,17.0,50.0,18.0,21.0,,,,,,,,,,63.0,36.0,18.0,32.0,13.0
2018-04-25 00:00:00,16,,,22.0,28.0,,28.0,22.0,24.0,,31.0,,,,25.0,,,28.0,,28.0,24.0,,9.0,,17.0,,,69.0,71.0,,,,58.0,,,18.0,,10.0,14.0,,,,,,,,,,38.0,34.0,21.0,28.0,
2018-04-26 00:00:00,13,,,18.0,22.0,,24.0,19.0,19.0,,28.0,,,,22.0,,,31.0,,29.0,23.0,,7.0,,17.0,,,44.0,45.0,,,,30.0,,,15.0,,9.0,12.0,,,,,,,,,,16.0,35.0,19.0,33.0,9.0
2018-04-27 00:00:00,14,,,17.0,22.0,,24.0,21.0,23.0,,27.0,,,,22.0,,,27.0,,12.0,32.0,,10.0,,18.0,,,38.0,37.0,,,,24.0,,,13.0,,10.0,15.0,,,,,,,,,,15.0,49.0,10.0,13.0,11.0
2018-04-28 00:00:00,12,,,13.0,21.0,,21.0,18.0,22.0,,24.0,,,,26.0,,,16.0,,9.0,21.0,,9.0,,,,,32.0,34.0,,,,16.0,,,12.0,,,15.0,,,,,,,,,,10.0,32.0,8.0,10.0,14.0
2018-04-29 00:00:00,15,,,17.0,26.0,,25.0,21.0,26.0,,28.0,,,,26.0,,,28.0,,15.0,24.0,,10.0,,10.0,,,25.0,22.0,,,,11.0,,,13.0,,15.0,14.0,,,,,,,,,,9.0,16.0,13.0,10.0,14.0
2018-04-30 00:00:00,8,,,13.0,19.0,,19.0,17.0,15.0,,21.0,,,,19.0,,,22.0,,11.0,11.0,,6.0,,10.0,,,25.0,17.0,,,,12.0,,,14.0,,12.0,14.0,,,,,,,,,,9.0,17.0,8.0,11.0,12.0
2018-05-01 00:00:00,4,,,9.0,13.0,,13.0,10.0,11.0,,10.0,,,,14.0,,,13.0,,5.0,9.0,,,,9.0,,,18.0,16.0,,,,13.0,,,13.0,,11.0,16.0,,,,,,,,,,8.0,15.0,6.0,8.0,11.0
2018-05-02 00:00:00,4,,,8.0,16.0,,15.0,12.0,11.0,,10.0,,,,14.0,,,20.0,,7.0,18.0,,6.0,,11.0,,,11.0,9.0,,,,9.0,,,8.0,16.0,14.0,18.0,,,,,,,,,,5.0,15.0,9.0,6.0,12.0
2018-05-03 00:00:00,9,,,14.0,19.0,,21.0,18.0,18.0,,18.0,,,,17.0,,,28.0,,5.0,25.0,,7.0,,13.0,,,13.0,10.0,,,,9.0,,,14.0,23.0,12.0,16.0,,,,,,,,,,4.0,12.0,11.0,7.0,12.0
2018-05-04 00:00:00,12,,,12.0,22.0,,22.0,18.0,21.0,,21.0,,,,26.0,,,31.0,,6.0,17.0,,10.0,,18.0,,,15.0,15.0,,,,11.0,,,10.0,21.0,18.0,18.0,,,,,,,,,,6.0,9.0,8.0,7.0,9.0
2018-05-05 00:00:00,,,,10.0,17.0,,16.0,14.0,18.0,,15.0,,,,16.0,,,20.0,,7.0,14.0,,6.0,,13.0,,,18.0,15.0,,,,13.0,,,10.0,19.0,15.0,19.0,,,,,,,,,,8.0,13.0,11.0,,13.0
2018-05-06 00:00:00,4,,,10.0,17.0,,16.0,13.0,16.0,,12.0,,,,13.0,,,21.0,,6.0,9.0,,10.0,,13.0,,,25.0,22.0,,,,17.0,,,12.0,25.0,16.0,24.0,,,,,,,,,,13.0,16.0,10.0,,15.0
2018-05-07 00:00:00,11,,,15.0,19.0,,18.0,17.0,17.0,,,,,,16.0,,,20.0,,7.0,14.0,,7.0,,12.0,,,36.0,33.0,,,,25.0,,,17.0,21.0,14.0,19.0,,,,,,,,,,17.0,16.0,11.0,,11.0
2018-05-08 00:00:00,19,,,18.0,22.0,,22.0,20.0,19.0,,26.0,,,,,,,26.0,,10.0,15.0,,5.0,,12.0,,,40.0,38.0,,,,32.0,,,15.0,29.0,18.0,16.0,,,,,,,,,,24.0,21.0,9.0,13.0,15.0
2018-05-09 00:00:00,13,,,15.0,17.0,,19.0,17.0,19.0,,20.0,,,,15.0,,,22.0,,16.0,14.0,,6.0,,13.0,,,41.0,41.0,,,,35.0,,,21.0,36.0,20.0,21.0,,,,,,,,,,33.0,22.0,12.0,16.0,14.0
2018-05-10 00:00:00,10,,,14.0,17.0,,17.0,15.0,15.0,,23.0,,,,12.0,,,25.0,,14.0,13.0,,6.0,,16.0,,,,34.0,,,,29.0,,,17.0,37.0,18.0,19.0,,,,,,,,,,32.0,21.0,10.0,19.0,15.0
2018-05-11 00:00:00,14,,,14.0,18.0,,19.0,18.0,19.0,,25.0,,,,20.0,,,14.0,,14.0,24.0,,10.0,,16.0,,,,27.0,,,,13.0,,,18.0,24.0,25.0,26.0,,,,,,,,,,19.0,18.0,10.0,10.0,16.0
2018-05-12 00:00:00,21,,,20.0,27.0,,28.0,26.0,29.0,,31.0,,,,26.0,,,23.0,,10.0,38.0,,13.0,,27.0,,,,25.0,,,,17.0,,,13.0,20.0,18.0,23.0,,,,,,,,,,13.0,17.0,11.0,9.0,16.0
2018-05-13 00:00:00,22,,,20.0,26.0,,23.0,20.0,28.0,,29.0,,,,19.0,,,28.0,,11.0,21.0,,15.0,,21.0,,,25.0,21.0,,,,16.0,,,13.0,19.0,19.0,21.0,,,,,,,,,,10.0,14.0,12.0,8.0,13.0
2018-05-14 00:00:00,18,,,16.0,20.0,,22.0,17.0,22.0,,24.0,,,,25.0,,,25.0,,9.0,13.0,,14.0,,18.0,,,24.0,22.0,,,,18.0,,,13.0,24.0,17.0,19.0,,,,,,,,,,11.0,10.0,12.0,12.0,12.0
2018-05-15 00:00:00,20,,,22.0,26.0,,28.0,23.0,26.0,,30.0,,,,21.0,,,28.0,,13.0,,,13.0,,20.0,,,28.0,24.0,,,,15.0,,,13.0,25.0,13.0,19.0,,,,,,,,,,14.0,16.0,16.0,14.0,11.0
2018-05-16 00:00:00,10,,,14.0,19.0,,18.0,15.0,19.0,,20.0,,,,15.0,,,37.0,,9.0,13.0,,14.0,,20.0,,,30.0,23.0,,,,20.0,,,18.0,27.0,10.0,14.0,,,,,,,,,,,18.0,21.0,9.0,10.0
2018-05-17 00:00:00,10,,,10.0,16.0,,16.0,12.0,14.0,,20.0,,,,16.0,,,24.0,,15.0,10.0,,12.0,,17.0,,,22.0,19.0,,,,14.0,,,13.0,28.0,11.0,12.0,,,,,,,,,,,14.0,23.0,13.0,10.0
2018-05-18 00:00:00,11,,,12.0,19.0,,20.0,14.0,18.0,,22.0,,,,21.0,,,26.0,,11.0,9.0,,14.0,,22.0,,,15.0,16.0,,,,15.0,,,18.0,19.0,10.0,13.0,,,,,,,,,,,11.0,14.0,13.0,11.0
2018-05-19 00:00:00,13,,,15.0,18.0,,,17.0,17.0,,24.0,,,,18.0,,,25.0,,12.0,19.0,,12.0,,19.0,,,22.0,19.0,,,,12.0,,,17.0,20.0,10.0,16.0,,,,,,,,,,5.0,13.0,19.0,9.0,10.0
2018-05-20 00:00:00,17,,,22.0,26.0,,,19.0,28.0,,30.0,,,,19.0,,,24.0,,9.0,23.0,,12.0,,20.0,,,23.0,22.0,,,,16.0,,,13.0,23.0,11.0,14.0,,,,,,,,,,,15.0,11.0,9.0,8.0
2018-05-21 00:00:00,16,,,20.0,24.0,,24.0,19.0,20.0,,27.0,,,,23.0,,,22.0,,11.0,11.0,,13.0,,20.0,,,23.0,26.0,,,,16.0,,,16.0,20.0,15.0,19.0,,,,,,,,,,11.0,12.0,12.0,11.0,11.0
2018-05-22 00:00:00,18,,,19.0,22.0,,25.0,25.0,21.0,,36.0,,,,18.0,,,27.0,,8.0,30.0,,10.0,,19.0,,,14.0,16.0,,,,9.0,,,19.0,19.0,15.0,19.0,,,,,,,,,,10.0,10.0,14.0,7.0,9.0
2018-05-23 00:00:00,18,,,17.0,22.0,,25.0,27.0,19.0,,35.0,,,,20.0,,,26.0,,22.0,34.0,,12.0,,20.0,,,18.0,18.0,,,,17.0,,,13.0,20.0,11.0,16.0,,,,,,,,,,8.0,10.0,11.0,17.0,8.0
2018-05-24 00:00:00,11,,,8.0,16.0,,16.0,13.0,12.0,,21.0,,,,15.0,,,19.0,,9.0,9.0,,8.0,,15.0,,,13.0,12.0,,,,14.0,,,14.0,17.0,7.0,14.0,,,,,,,,,,8.0,9.0,8.0,10.0,9.0
2018-05-25 00:00:00,9,,,12.0,14.0,,15.0,14.0,12.0,,20.0,,,,11.0,,,18.0,,6.0,15.0,,5.0,,12.0,,,13.0,12.0,,,,10.0,,,11.0,16.0,9.0,14.0,,,,,,,,,,13.0,7.0,12.0,8.0,10.0
2018-05-26 00:00:00,10,,,13.0,14.0,,15.0,19.0,16.0,,21.0,,,,14.0,,,23.0,,5.0,23.0,,6.0,,12.0,,,14.0,14.0,,,,11.0,,,10.0,15.0,10.0,15.0,,,,,,,,,,,7.0,13.0,6.0,6.0
2018-05-27 00:00:00,13,,,13.0,17.0,,19.0,16.0,17.0,,24.0,,,,14.0,,,16.0,,6.0,29.0,,5.0,,13.0,,,11.0,7.0,,,,9.0,,,16.0,14.0,10.0,15.0,,,,,,,,,,5.0,8.0,9.0,6.0,7.0
2018-05-28 00:00:00,16,,,18.0,22.0,,22.0,21.0,21.0,,28.0,,,,17.0,,,22.0,,10.0,19.0,,11.0,,15.0,,,11.0,12.0,,,,8.0,,,9.0,14.0,12.0,14.0,,,,,,,,,,5.0,5.0,15.0,6.0,8.0
2018-05-29 00:00:00,10,,,9.0,14.0,,14.0,12.0,12.0,,19.0,,,,14.0,,,21.0,,7.0,9.0,,6.0,,15.0,,,11.0,10.0,,,,8.0,,,11.0,14.0,9.0,12.0,,,,,,,,,,4.0,6.0,6.0,10.0,7.0
2018-05-30 00:00:00,16,,,11.0,15.0,,16.0,12.0,13.0,,20.0,,,,18.0,,,18.0,,8.0,7.0,,6.0,,16.0,,,11.0,11.0,,,,6.0,,,14.0,16.0,13.0,14.0,,,,,,,,,,5.0,5.0,,11.0,9.0
2018-05-31 00:00:00,13,,,17.0,22.0,,24.0,20.0,22.0,,25.0,,,,15.0,,,27.0,,9.0,26.0,,9.0,,15.0,,,11.0,,,,,8.0,,,19.0,19.0,9.0,15.0,,,,,,,,,,5.0,10.0,,8.0,12.0
2018-06-01 00:00:00,14,,,11.0,17.0,,18.0,16.0,17.0,,23.0,,,,24.0,,,27.0,,10.0,15.0,,14.0,,16.0,,,11.0,32.0,,,,7.0,,,14.0,15.0,10.0,17.0,,,,,,,,,,6.0,9.0,,7.0,10.0
2018-06-02 00:00:00,12,,,10.0,17.0,,17.0,15.0,16.0,,21.0,,,,18.0,,,30.0,,5.0,17.0,,16.0,,15.0,,,9.0,32.0,,,,7.0,,,14.0,20.0,12.0,14.0,,,,,,,,,,7.0,7.0,25.0,7.0,10.0
2018-06-03 00:00:00,11,,,10.0,14.0,,14.0,12.0,13.0,,21.0,,,,14.0,,,20.0,,5.0,11.0,,12.0,,12.0,,,12.0,48.0,,,,8.0,,,15.0,22.0,14.0,16.0,,,,,,,,,,9.0,9.0,12.0,6.0,12.0
2018-06-04 00:00:00,9,,,8.0,14.0,,14.0,12.0,14.0,,18.0,,,,13.0,,,19.0,,5.0,12.0,,5.0,,12.0,,,14.0,41.0,,,,7.0,,,16.0,25.0,16.0,18.0,,,,,,,,,,10.0,9.0,13.0,6.0,15.0
2018-06-05 00:00:00,10,,,7.0,12.0,,15.0,13.0,11.0,,18.0,,,,12.0,,,18.0,,8.0,13.0,,7.0,,10.0,,,14.0,26.0,,,,10.0,,,20.0,18.0,17.0,20.0,,,,,,,,,,9.0,10.0,10.0,7.0,14.0
2018-06-06 00:00:00,14,,,11.0,15.0,,17.0,17.0,16.0,,21.0,,,,14.0,,,18.0,,7.0,19.0,,6.0,,12.0,,,13.0,,,,,7.0,,,23.0,15.0,17.0,27.0,,,,,,,,,,8.0,8.0,9.0,7.0,15.0
2018-06-07 00:00:00,13,,,11.0,14.0,,16.0,15.0,13.0,,18.0,,,,12.0,,,12.0,,8.0,14.0,,4.0,,9.0,,,,12.0,,,,7.0,,,23.0,11.0,17.0,33.0,,,,,,,,,,7.0,7.0,10.0,5.0,20.0
2018-06-08 00:00:00,13,,,8.0,14.0,,15.0,11.0,11.0,,18.0,,,,14.0,,,14.0,,6.0,12.0,,4.0,,8.0,,,12.0,9.0,,,,6.0,,,18.0,10.0,17.0,27.0,,,,,,,,,,8.0,6.0,11.0,6.0,20.0
2018-06-09 00:00:00,8,,,9.0,15.0,,13.0,12.0,12.0,,15.0,,,,16.0,,,9.0,,8.0,8.0,,5.0,,12.0,,,10.0,11.0,,,,7.0,,,16.0,13.0,18.0,25.0,,,,,,,,,,7.0,6.0,8.0,6.0,21.0
2018-06-10 00:00:00,8,,,7.0,14.0,,12.0,12.0,13.0,,22.0,,,,9.0,,,13.0,,9.0,8.0,,6.0,,12.0,,,11.0,10.0,,,,6.0,,,27.0,16.0,24.0,28.0,,,,,,,,,,6.0,8.0,16.0,10.0,28.0
2018-06-11 00:00:00,8,,,10.0,14.0,,12.0,10.0,10.0,,18.0,,,,12.0,,,11.0,,9.0,7.0,,9.0,,14.0,,,,10.0,,,,4.0,,,33.0,15.0,25.0,36.0,,,,,,,,,,6.0,9.0,15.0,8.0,27.0
2018-06-12 00:00:00,7,,,7.0,13.0,,11.0,9.0,10.0,,16.0,,,,9.0,,,11.0,,7.0,6.0,,9.0,,12.0,,,9.0,9.0,,,,7.0,,,29.0,15.0,33.0,38.0,,,,,,,,,,,9.0,11.0,9.0,28.0
2018-06-13 00:00:00,10,,,7.0,15.0,,13.0,11.0,10.0,,15.0,,,,10.0,,,15.0,,8.0,8.0,,10.0,,13.0,,,11.0,12.0,,,,8.0,,,29.0,16.0,32.0,32.0,,,,,,,,,,7.0,12.0,12.0,10.0,22.0
2018-06-14 00:00:00,11,,,10.0,14.0,,14.0,12.0,11.0,,17.0,,,,11.0,,,20.0,,9.0,10.0,,5.0,,13.0,,,15.0,16.0,,,,11.0,,,26.0,15.0,27.0,27.0,,,,,,,,,,9.0,12.0,12.0,9.0,23.0
2018-06-15 00:00:00,9,,,14.0,16.0,,18.0,15.0,13.0,,19.0,,,,13.0,,,15.0,,8.0,11.0,,7.0,,14.0,,,14.0,15.0,,,,13.0,,,27.0,15.0,32.0,35.0,,,,,,,,,,,11.0,12.0,9.0,28.0
2018-06-16 00:00:00,14,,,14.0,17.0,,17.0,16.0,15.0,,20.0,,,,19.0,,,16.0,,9.0,14.0,,6.0,,,,,19.0,22.0,,,,13.0,,,26.0,15.0,26.0,27.0,,,,,,,,,,10.0,13.0,11.0,11.0,16.0
2018-06-17 00:00:00,15,,,12.0,17.0,,20.0,16.0,14.0,,20.0,,,,12.0,,,15.0,,8.0,,,8.0,,,,,29.0,29.0,,,,20.0,,,9.0,19.0,12.0,12.0,,,,,,,,,,13.0,12.0,12.0,11.0,5.0
2018-06-18 00:00:00,15,,,18.0,19.0,,22.0,23.0,19.0,,26.0,,,,21.0,,,17.0,,16.0,,,13.0,,16.0,,,34.0,34.0,,,,21.0,,,12.0,25.0,14.0,11.0,,,,,,,,,,19.0,17.0,17.0,20.0,5.0
2018-06-19 00:00:00,21,,,21.0,23.0,,24.0,23.0,22.0,,27.0,,,,26.0,,,15.0,,15.0,19.0,,10.0,,18.0,,,28.0,34.0,,,,18.0,,,8.0,24.0,18.0,11.0,,,,,,,,,,,18.0,14.0,14.0,5.0
2018-06-20 00:00:00,12,,,10.0,16.0,,15.0,13.0,14.0,,19.0,,,,12.0,,,23.0,,12.0,12.0,,10.0,,13.0,,,20.0,21.0,,,,12.0,,,9.0,21.0,10.0,15.0,,,,,,,,,,12.0,14.0,16.0,11.0,6.0
2018-06-21 00:00:00,13,,,13.0,17.0,,15.0,16.0,14.0,,20.0,,,,15.0,,,16.0,,12.0,10.0,,10.0,,15.0,,,14.0,16.0,,,,9.0,,,14.0,18.0,11.0,19.0,,,,,,,,,,10.0,10.0,14.0,14.0,11.0
2018-06-22 00:00:00,18,,,22.0,22.0,,22.0,21.0,21.0,,26.0,,,,16.0,,,25.0,,17.0,18.0,,11.0,,17.0,,,15.0,15.0,,,,11.0,,,16.0,21.0,14.0,23.0,,,,,,,,,,8.0,14.0,21.0,16.0,13.0
2018-06-23 00:00:00,22,,,19.0,23.0,,22.0,24.0,22.0,,28.0,,,,18.0,,,24.0,,15.0,21.0,,14.0,,19.0,,,14.0,14.0,,,,10.0,,,10.0,21.0,17.0,12.0,,,,,,,,,,8.0,12.0,24.0,17.0,13.0
2018-06-24 00:00:00,17,,,14.0,20.0,,19.0,17.0,18.0,,25.0,,,,21.0,,,21.0,,11.0,16.0,,10.0,,18.0,,,12.0,14.0,,,,11.0,,,17.0,15.0,14.0,14.0,,,,,,,,,,6.0,,21.0,8.0,11.0
2018-06-25 00:00:00,13,,,7.0,14.0,,15.0,13.0,14.0,,20.0,,,,14.0,,,23.0,,9.0,15.0,,7.0,,13.0,,,15.0,16.0,,,,10.0,,,10.0,17.0,12.0,14.0,,,,,,,,,,7.0,,16.0,9.0,8.0
2018-06-26 00:00:00,11,,,15.0,15.0,,18.0,18.0,14.0,,23.0,,,,15.0,,,26.0,,14.0,,,9.0,,16.0,,,13.0,12.0,,,,9.0,,,16.0,16.0,13.0,15.0,,,,,,,,,,4.0,,14.0,11.0,11.0
2018-06-27 00:00:00,14,,,14.0,17.0,,19.0,18.0,17.0,,25.0,,,,19.0,,,19.0,,15.0,22.0,,6.0,,16.0,,,10.0,11.0,,,,7.0,,,11.0,17.0,12.0,21.0,,,,,,,,,,4.0,,16.0,8.0,10.0
2018-06-28 00:00:00,13,,,13.0,18.0,,19.0,19.0,20.0,,23.0,,,,19.0,,,24.0,,11.0,25.0,,11.0,,15.0,,,11.0,9.0,,,,6.0,,,18.0,13.0,16.0,22.0,,,,,,,,,,4.0,,11.0,6.0,14.0
2018-06-29 00:00:00,18,,,15.0,20.0,,21.0,21.0,23.0,,23.0,,,,16.0,,,20.0,,8.0,18.0,,8.0,,12.0,,,11.0,12.0,,,,,,,18.0,14.0,16.0,23.0,,,,,,,,,,5.0,,15.0,6.0,11.0
2018-06-30 00:00:00,10,,,12.0,16.0,,14.0,18.0,17.0,,19.0,,,,10.0,,,15.0,,7.0,13.0,,4.0,,11.0,,,13.0,16.0,,,,,,,16.0,16.0,10.0,18.0,,,,,,,,,,8.0,,14.0,7.0,16.0
2018-07-01 00:00:00,7,,,9.0,13.0,,16.0,13.0,15.0,,19.0,,,,11.0,,,14.0,,6.0,12.0,,8.0,,10.0,,,12.0,15.0,,,,5.0,,,17.0,14.0,18.0,21.0,,,,,,,,,,10.0,,10.0,9.0,11.0
2018-07-02 00:00:00,9,,,8.0,11.0,,14.0,12.0,13.0,,18.0,,,,12.0,,,15.0,,7.0,10.0,,5.0,,10.0,,,15.0,11.0,,,,8.0,,,19.0,15.0,13.0,18.0,,,,,,,,,,6.0,,13.0,7.0,10.0
2018-07-03 00:00:00,13,,,11.0,14.0,,15.0,14.0,14.0,,20.0,,,,14.0,,,10.0,,11.0,15.0,,7.0,,11.0,,,16.0,13.0,,,,11.0,,,20.0,13.0,12.0,20.0,,,,,,,,,,7.0,,10.0,7.0,10.0
2018-07-04 00:00:00,13,,,10.0,12.0,,14.0,11.0,13.0,,21.0,,,,15.0,,,15.0,,6.0,14.0,,6.0,,9.0,,,15.0,12.0,,,,9.0,,,24.0,12.0,14.0,28.0,,,,,,,,,,9.0,,10.0,6.0,16.0
2018-07-05 00:00:00,10,,,9.0,15.0,,16.0,14.0,12.0,,19.0,,,,9.0,,,15.0,,8.0,15.0,,6.0,,10.0,,,13.0,34.0,,,,7.0,,,18.0,17.0,15.0,30.0,,,,,,,,,,9.0,,11.0,7.0,11.0
2018-07-06 00:00:00,13,,,13.0,15.0,,16.0,13.0,14.0,,20.0,,,,12.0,,,13.0,,5.0,14.0,,7.0,,11.0,,,14.0,,,,,6.0,,,16.0,17.0,20.0,27.0,,,,,,,,,,8.0,4.0,10.0,7.0,
2018-07-07 00:00:00,15,,,16.0,16.0,,20.0,17.0,17.0,,22.0,,,,14.0,,,15.0,,9.0,19.0,,8.0,,14.0,,,13.0,10.0,,,,6.0,,,22.0,16.0,21.0,27.0,,,,,,,,,,6.0,8.0,12.0,10.0,18.0
2018-07-08 00:00:00,19,,,20.0,22.0,,23.0,23.0,22.0,,25.0,,,,23.0,,,24.0,,15.0,20.0,,10.0,,16.0,,,15.0,16.0,,,,10.0,,,,21.0,16.0,25.0,,,,,,,,,,5.0,9.0,21.0,16.0,16.0
2018-07-09 00:00:00,18,,,16.0,18.0,,20.0,21.0,19.0,,28.0,,,,20.0,,,21.0,,14.0,21.0,,8.0,,15.0,,,15.0,15.0,,,,9.0,,,9.0,21.0,16.0,18.0,,,,,,,,,,6.0,9.0,19.0,12.0,7.0
2018-07-10 00:00:00,25,,,,22.0,,24.0,23.0,22.0,,31.0,,,,21.0,,,20.0,,16.0,21.0,,12.0,,,,,12.0,17.0,,,,9.0,,,12.0,16.0,12.0,15.0,,,,,,,,,,5.0,9.0,17.0,11.0,5.0
2018-07-11 00:00:00,13,,,,13.0,,16.0,14.0,12.0,,21.0,,,,21.0,,,,,10.0,17.0,,5.0,,9.0,,,10.0,12.0,,,,9.0,,,10.0,21.0,13.0,16.0,,,,,,,,,,4.0,8.0,10.0,7.0,7.0
2018-07-12 00:00:00,15,,,12.0,15.0,,17.0,15.0,15.0,,20.0,,,,15.0,,,13.0,,10.0,17.0,,5.0,,11.0,,,12.0,11.0,,,,9.0,,,15.0,17.0,17.0,19.0,,,,,,,,,,4.0,12.0,10.0,8.0,14.0
2018-07-13 00:00:00,13,,,12.0,15.0,,16.0,15.0,15.0,,20.0,,,,10.0,,,11.0,,9.0,16.0,,5.0,,10.0,,,10.0,14.0,,,,6.0,,,30.0,19.0,26.0,28.0,,,,,,,,,,5.0,10.0,13.0,9.0,23.0
2018-07-14 00:00:00,17,,,16.0,21.0,,24.0,23.0,20.0,,26.0,,,,14.0,,,16.0,,16.0,18.0,,9.0,,14.0,,,11.0,19.0,,,,6.0,,,25.0,18.0,30.0,32.0,,,,,,,,,,6.0,8.0,14.0,13.0,17.0
2018-07-15 00:00:00,17,,,15.0,,,19.0,19.0,18.0,,21.0,,,,13.0,,,14.0,,14.0,11.0,,11.0,,14.0,,,12.0,,,,,7.0,,,24.0,18.0,32.0,29.0,,,,,,,,,,7.0,10.0,15.0,10.0,20.0
2018-07-16 00:00:00,20,,,16.0,,,21.0,21.0,18.0,,26.0,,,,20.0,,,16.0,,15.0,17.0,,13.0,,13.0,,,,8.0,,,,9.0,,,23.0,19.0,32.0,30.0,,,,,,,,,,6.0,9.0,,10.0,21.0
2018-07-17 00:00:00,23,,,,,,23.0,23.0,18.0,,28.0,,,,16.0,,,10.0,,13.0,15.0,,5.0,,11.0,,,,11.0,,,,9.0,,,23.0,13.0,26.0,25.0,,,,,,,,,,5.0,13.0,,11.0,17.0
2018-07-18 00:00:00,13,,,,15.0,,16.0,16.0,12.0,,18.0,,,,9.0,,,11.0,,11.0,10.0,,6.0,,9.0,,,,11.0,,,,5.0,,,17.0,13.0,21.0,21.0,6.0,,,,,,,,,5.0,13.0,9.0,,12.0
2018-07-19 00:00:00,12,,,10.0,18.0,,15.0,13.0,13.0,,21.0,,,,12.0,,,17.0,,16.0,6.0,,8.0,,13.0,,,11.0,10.0,,,,5.0,,,30.0,18.0,32.0,33.0,6.0,,,,,,,,,4.0,9.0,13.0,11.0,30.0
2018-07-20 00:00:00,11,,,12.0,19.0,,17.0,16.0,15.0,,26.0,,,12.0,13.0,,,17.0,,17.0,8.0,,11.0,,14.0,,,13.0,13.0,,,,6.0,,,23.0,19.0,33.0,28.0,5.0,,7.0,4.0,,,,,,,10.0,17.0,13.0,19.0
2018-07-21 00:00:00,16,,,18.0,18.0,,20.0,19.0,17.0,,25.0,,,14.0,14.0,,,20.0,,18.0,14.0,,9.0,,16.0,,,19.0,24.0,,,,8.0,,,11.0,24.0,17.0,18.0,6.0,8.0,7.0,10.0,,,,,,,11.0,17.0,11.0,9.0
2018-07-22 00:00:00,15,,,,18.0,,19.0,19.0,15.0,,23.0,,,14.0,31.0,,,19.0,,16.0,11.0,,11.0,,15.0,,,18.0,19.0,,,,10.0,,,10.0,21.0,21.0,17.0,8.0,5.0,7.0,7.0,,,,,,6.0,11.0,,14.0,8.0
2018-07-23 00:00:00,19,,,15.0,20.0,,23.0,21.0,19.0,,27.0,,,,19.0,,,19.0,,17.0,18.0,,10.0,,17.0,,,15.0,16.0,,,,7.0,,,13.0,19.0,23.0,24.0,7.0,5.0,7.0,7.0,,,,,,5.0,10.0,14.0,14.0,11.0
2018-07-24 00:00:00,25,,,21.0,22.0,,28.0,24.0,19.0,,29.0,,,23.0,22.0,,,16.0,,20.0,26.0,,13.0,,18.0,,,16.0,16.0,,,,10.0,,,17.0,20.0,17.0,31.0,8.0,5.0,8.0,9.0,,,,,,5.0,12.0,19.0,12.0,12.0
2018-07-25 00:00:00,19,,,20.0,22.0,,22.0,20.0,19.0,24.0,27.0,,,15.0,16.0,,,21.0,,34.0,22.0,24.0,9.0,15.0,17.0,,,18.0,20.0,,,,11.0,,,26.0,22.0,15.0,23.0,6.0,5.0,9.0,11.0,,,,,,4.0,15.0,17.0,16.0,17.0
2018-07-26 00:00:00,17,,,14.0,21.0,,21.0,20.0,19.0,23.0,25.0,,,12.0,15.0,,,18.0,,15.0,23.0,28.0,12.0,24.0,19.0,,,16.0,23.0,,,,9.0,,,20.0,25.0,17.0,30.0,10.0,4.0,10.0,11.0,,,,,,5.0,14.0,,14.0,15.0
2018-07-27 00:00:00,19,,,18.0,22.0,,22.0,21.0,18.0,26.0,28.0,,,17.0,16.0,,,20.0,,18.0,23.0,30.0,10.0,24.0,19.0,,,19.0,20.0,,,,9.0,,,16.0,24.0,13.0,20.0,7.0,4.0,9.0,12.0,,,,,,4.0,11.0,,17.0,12.0
2018-07-28 00:00:00,14,,,16.0,15.0,,18.0,15.0,14.0,22.0,23.0,,,13.0,16.0,,,18.0,,14.0,19.0,30.0,12.0,25.0,21.0,,,15.0,15.0,,,,11.0,,,15.0,21.0,11.0,18.0,10.0,5.0,11.0,10.0,,,,,,5.0,9.0,15.0,17.0,6.0
2018-07-29 00:00:00,14,,,17.0,18.0,,20.0,17.0,18.0,22.0,24.0,,,14.0,15.0,,,15.0,,16.0,22.0,25.0,9.0,17.0,16.0,,,17.0,21.0,,,,10.0,,,9.0,22.0,9.0,15.0,9.0,8.0,8.0,13.0,,,,,,7.0,11.0,13.0,11.0,5.0
2018-07-30 00:00:00,15,,,15.0,18.0,,20.0,19.0,19.0,21.0,24.0,,,14.0,17.0,,,15.0,,17.0,26.0,21.0,6.0,17.0,14.0,,,20.0,20.0,,,,10.0,,,11.0,20.0,9.0,11.0,9.0,7.0,7.0,15.0,,,,,,6.0,10.0,12.0,9.0,4.0
2018-07-31 00:00:00,17,,,12.0,20.0,,21.0,20.0,19.0,23.0,26.0,,,12.0,14.0,,,20.0,,13.0,21.0,18.0,8.0,19.0,16.0,,,17.0,16.0,,,,9.0,,,9.0,20.0,6.0,9.0,25.0,7.0,,10.0,,,,,,6.0,14.0,14.0,10.0,6.0
2018-08-01 00:00:00,18,,,18.0,15.0,,21.0,18.0,14.0,17.0,23.0,,,14.0,13.0,,,17.0,,10.0,23.0,24.0,8.0,18.0,15.0,,,18.0,16.0,,,,12.0,,,19.0,24.0,12.0,20.0,32.0,11.0,12.0,14.0,,,,,,8.0,15.0,13.0,10.0,16.0
2018-08-02 00:00:00,17,,,13.0,19.0,,23.0,22.0,17.0,21.0,22.0,,,14.0,15.0,,,20.0,,14.0,23.0,28.0,5.0,11.0,14.0,,,22.0,,,,,12.0,,,15.0,21.0,16.0,20.0,41.0,10.0,13.0,17.0,,,,,,12.0,11.0,15.0,9.0,10.0
2018-08-03 00:00:00,16,,,16.0,17.0,,21.0,16.0,16.0,18.0,24.0,,,13.0,13.0,,,16.0,,12.0,25.0,30.0,6.0,10.0,14.0,,,21.0,20.0,,,,12.0,,,18.0,18.0,14.0,18.0,38.0,9.0,11.0,15.0,,,,,,10.0,8.0,15.0,9.0,9.0
2018-08-04 00:00:00,12,,,11.0,17.0,,18.0,15.0,14.0,22.0,20.0,,,10.0,13.0,,,23.0,,17.0,16.0,30.0,8.0,10.0,15.0,,,24.0,20.0,,,,12.0,,,21.0,22.0,11.0,23.0,42.0,10.0,14.0,13.0,,,,,,10.0,10.0,,13.0,12.0
2018-08-05 00:00:00,10,,,11.0,15.0,,17.0,14.0,13.0,20.0,19.0,,,10.0,12.0,,,21.0,,17.0,15.0,25.0,10.0,10.0,15.0,,,18.0,21.0,,,,13.0,,,23.0,27.0,15.0,32.0,42.0,8.0,13.0,11.0,,,,,,9.0,14.0,14.0,12.0,15.0
2018-08-06 00:00:00,13,,,13.0,16.0,,18.0,16.0,15.0,20.0,24.0,,,11.0,12.0,,,19.0,,20.0,16.0,21.0,11.0,12.0,15.0,,,20.0,,,,,16.0,,,14.0,27.0,14.0,25.0,46.0,9.0,15.0,13.0,,,,,,9.0,15.0,10.0,12.0,9.0
2018-08-07 00:00:00,15,,,14.0,20.0,,22.0,18.0,20.0,27.0,29.0,,,14.0,15.0,,,15.0,,17.0,19.0,18.0,,10.0,20.0,,,19.0,13.0,,,,14.0,,,24.0,23.0,25.0,31.0,25.0,10.0,16.0,15.0,,,,,,9.0,15.0,11.0,15.0,20.0
2018-08-08 00:00:00,25,,,18.0,21.0,,30.0,28.0,21.0,33.0,30.0,,,21.0,22.0,,,,,18.0,29.0,22.0,,13.0,21.0,,,19.0,18.0,,,,11.0,,,23.0,19.0,18.0,25.0,41.0,10.0,13.0,15.0,,,,,,9.0,15.0,13.0,14.0,15.0
2018-08-09 00:00:00,18,,,15.0,18.0,,20.0,17.0,16.0,23.0,23.0,,,17.0,18.0,,,16.0,,14.0,26.0,18.0,4.0,22.0,15.0,,,18.0,18.0,,,,10.0,,,,19.0,18.0,25.0,26.0,8.0,10.0,15.0,,,,,,7.0,12.0,15.0,11.0,12.0
2018-08-10 00:00:00,18,,,13.0,18.0,,19.0,17.0,15.0,25.0,25.0,,,16.0,13.0,,,17.0,,16.0,24.0,18.0,6.0,17.0,14.0,,,15.0,15.0,,,,6.0,,,11.0,21.0,14.0,13.0,57.0,5.0,5.0,15.0,,,,,,5.0,10.0,16.0,7.0,6.0
2018-08-11 00:00:00,11,,,11.0,13.0,,15.0,13.0,10.0,20.0,17.0,,,8.0,11.0,,,19.0,,13.0,12.0,21.0,10.0,,14.0,,,15.0,14.0,,,,8.0,,,11.0,19.0,10.0,15.0,58.0,6.0,8.0,9.0,,,,,,6.0,9.0,12.0,8.0,7.0
2018-08-12 00:00:00,11,,,9.0,13.0,,14.0,11.0,10.0,16.0,18.0,,,9.0,12.0,,,15.0,,14.0,14.0,20.0,10.0,17.0,14.0,,,15.0,15.0,,,,9.0,,,14.0,18.0,15.0,17.0,74.0,5.0,10.0,8.0,,,,,,7.0,10.0,12.0,10.0,9.0
2018-08-13 00:00:00,12,,,14.0,15.0,,15.0,14.0,14.0,20.0,20.0,,,12.0,12.0,,,15.0,,18.0,15.0,21.0,10.0,19.0,17.0,,,13.0,10.0,,,,9.0,,,21.0,22.0,20.0,22.0,72.0,4.0,7.0,7.0,,,,,,6.0,12.0,,15.0,18.0
2018-08-14 00:00:00,11,,,11.0,15.0,,16.0,13.0,14.0,18.0,19.0,,,10.0,15.0,,,16.0,,14.0,14.0,,10.0,16.0,15.0,,,15.0,11.0,,,,10.0,,,28.0,24.0,30.0,29.0,41.0,4.0,9.0,10.0,,,,,,7.0,13.0,,11.0,20.0
2018-08-15 00:00:00,12,,,11.0,15.0,,16.0,13.0,13.0,22.0,18.0,,,10.0,18.0,,,15.0,,13.0,14.0,,10.0,11.0,14.0,,,16.0,20.0,,,,9.0,,,24.0,22.0,32.0,34.0,36.0,4.0,10.0,15.0,,,,,,7.0,10.0,12.0,9.0,18.0
2018-08-16 00:00:00,14,,,13.0,14.0,,18.0,14.0,14.0,19.0,19.0,,,11.0,12.0,,,20.0,,11.0,17.0,,9.0,17.0,13.0,,,14.0,,,,,9.0,,,23.0,17.0,31.0,29.0,48.0,,8.0,10.0,,,,,,7.0,6.0,13.0,7.0,19.0
2018-08-17 00:00:00,13,,,9.0,12.0,,17.0,14.0,11.0,19.0,17.0,,,8.0,9.0,,,12.0,,9.0,15.0,19.0,9.0,14.0,11.0,,,17.0,22.0,,,,7.0,,,30.0,18.0,32.0,31.0,37.0,3.0,6.0,9.0,,,,,,5.0,9.0,11.0,8.0,26.0
2018-08-18 00:00:00,8,,,8.0,10.0,,11.0,9.0,7.0,14.0,16.0,,,7.0,8.0,,,14.0,,10.0,,16.0,9.0,15.0,12.0,,,11.0,10.0,,,,7.0,,,12.0,19.0,16.0,18.0,,3.0,5.0,5.0,,,,,,,8.0,9.0,9.0,7.0
2018-08-19 00:00:00,5,,,6.0,10.0,,11.0,8.0,9.0,18.0,18.0,,,6.0,11.0,,,14.0,,12.0,10.0,17.0,7.0,13.0,12.0,,,14.0,8.0,,,,8.0,,,24.0,17.0,29.0,26.0,,7.0,7.0,9.0,,,,,,6.0,12.0,11.0,12.0,23.0
2018-08-20 00:00:00,8,,,13.0,13.0,,15.0,11.0,12.0,19.0,21.0,,,10.0,11.0,,,16.0,,17.0,14.0,15.0,10.0,19.0,14.0,,,18.0,14.0,,,,13.0,,,30.0,19.0,34.0,36.0,,8.0,11.0,12.0,,,,,,8.0,13.0,12.0,16.0,26.0
2018-08-21 00:00:00,19,,,18.0,23.0,,26.0,22.0,23.0,32.0,26.0,,,16.0,17.0,,,14.0,,21.0,25.0,15.0,11.0,28.0,18.0,,,18.0,14.0,,,,15.0,,,16.0,21.0,24.0,22.0,28.0,6.0,9.0,14.0,,,,,,9.0,13.0,20.0,17.0,13.0
2018-08-22 00:00:00,19,,,18.0,21.0,,23.0,20.0,19.0,32.0,25.0,,,16.0,18.0,,,17.0,,16.0,23.0,13.0,9.0,22.0,20.0,,,16.0,14.0,,,,14.0,,,9.0,18.0,18.0,17.0,37.0,8.0,7.0,12.0,,,,,,6.0,12.0,14.0,16.0,7.0
2018-08-23 00:00:00,18,,,19.0,22.0,,25.0,23.0,20.0,34.0,24.0,,,17.0,19.0,,,18.0,,20.0,24.0,14.0,10.0,26.0,20.0,,,17.0,14.0,,,,12.0,,,12.0,23.0,25.0,19.0,,9.0,6.0,12.0,,,,,,6.0,10.0,,18.0,10.0
2018-08-24 00:00:00,17,,,13.0,19.0,,21.0,17.0,17.0,29.0,27.0,,,15.0,12.0,,,12.0,,15.0,20.0,15.0,8.0,20.0,12.0,,,15.0,11.0,,,,6.0,,,16.0,16.0,19.0,30.0,10.0,4.0,7.0,7.0,,,,,,8.0,8.0,12.0,10.0,12.0
2018-08-25 00:00:00,12,,,11.0,15.0,,16.0,15.0,13.0,29.0,18.0,,,7.0,16.0,,,15.0,,11.0,,13.0,8.0,15.0,10.0,,,15.0,10.0,,,,6.0,,,21.0,19.0,15.0,26.0,25.0,4.0,4.0,9.0,,,,,,5.0,9.0,10.0,8.0,13.0
2018-08-26 00:00:00,11,,,10.0,14.0,,15.0,13.0,14.0,26.0,19.0,,,9.0,17.0,,,10.0,,13.0,14.0,19.0,7.0,19.0,10.0,,,15.0,10.0,,,,6.0,,,22.0,15.0,16.0,26.0,39.0,4.0,5.0,9.0,,,,,,4.0,9.0,11.0,7.0,16.0
2018-08-27 00:00:00,13,,,8.0,15.0,,16.0,16.0,14.0,27.0,21.0,,,11.0,13.0,,,8.0,,15.0,17.0,15.0,9.0,13.0,15.0,,,12.0,8.0,,,,6.0,,,19.0,12.0,15.0,29.0,,3.0,6.0,9.0,,,,,,,6.0,12.0,7.0,15.0
2018-08-28 00:00:00,15,,,15.0,16.0,,20.0,19.0,17.0,27.0,22.0,,,12.0,14.0,,,9.0,,11.0,18.0,20.0,10.0,,14.0,,,13.0,8.0,,,,8.0,,,14.0,16.0,13.0,15.0,32.0,3.0,5.0,8.0,,,,,,6.0,5.0,16.0,9.0,9.0
2018-08-29 00:00:00,20,,,19.0,19.0,,25.0,23.0,21.0,31.0,22.0,,,14.0,15.0,,,11.0,,12.0,22.0,23.0,11.0,,16.0,,,16.0,11.0,,,,8.0,,,10.0,15.0,10.0,18.0,17.0,4.0,6.0,10.0,,,,,,5.0,7.0,16.0,10.0,5.0
2018-08-30 00:00:00,13,,,10.0,11.0,,14.0,13.0,11.0,23.0,17.0,,,9.0,11.0,,,12.0,,9.0,15.0,21.0,7.0,22.0,11.0,,,21.0,21.0,,,,12.0,,,10.0,19.0,8.0,14.0,40.0,6.0,9.0,13.0,,,,,,7.0,10.0,15.0,5.0,4.0
2018-08-31 00:00:00,14,,,11.0,12.0,,16.0,13.0,12.0,15.0,19.0,,,9.0,10.0,,,13.0,,11.0,18.0,13.0,7.0,19.0,11.0,,,18.0,19.0,,,,7.0,,,11.0,23.0,8.0,9.0,,4.0,8.0,10.0,,,,,,7.0,9.0,14.0,6.0,4.0
2018-09-01 00:00:00,14,,,12.0,16.0,,20.0,17.0,15.0,33.0,19.0,,,10.0,13.0,,,12.0,,13.0,17.0,19.0,10.0,20.0,13.0,,,15.0,10.0,,,,9.0,,,16.0,18.0,12.0,18.0,42.0,5.0,11.0,9.0,,,,,,5.0,10.0,15.0,7.0,12.0
2018-09-02 00:00:00,14,,,12.0,15.0,,19.0,15.0,16.0,36.0,21.0,,,12.0,15.0,,,17.0,,13.0,,18.0,6.0,,11.0,,,15.0,12.0,,,,9.0,,,15.0,21.0,11.0,15.0,42.0,5.0,10.0,11.0,,,,,,7.0,11.0,19.0,8.0,12.0
2018-09-03 00:00:00,10,,,10.0,13.0,,16.0,15.0,14.0,31.0,18.0,,,8.0,12.0,,,17.0,,14.0,,13.0,7.0,18.0,10.0,,,15.0,18.0,,,,8.0,,,13.0,19.0,12.0,14.0,46.0,6.0,6.0,15.0,,,,,,4.0,12.0,16.0,9.0,7.0
2018-09-04 00:00:00,11,,,7.0,12.0,,15.0,12.0,11.0,33.0,18.0,,,9.0,16.0,,,7.0,,11.0,,10.0,7.0,18.0,11.0,,,14.0,13.0,,,,8.0,,,12.0,16.0,9.0,12.0,33.0,4.0,8.0,12.0,,,,,,,10.0,11.0,9.0,7.0
2018-09-05 00:00:00,15,,,8.0,14.0,,18.0,,12.0,28.0,20.0,,,10.0,17.0,,,11.0,,12.0,,14.0,5.0,15.0,9.0,,,13.0,9.0,,,,8.0,,,9.0,15.0,8.0,15.0,23.0,4.0,10.0,10.0,,,,,,6.0,8.0,13.0,6.0,7.0
2018-09-06 00:00:00,17,,,10.0,17.0,,23.0,,16.0,33.0,23.0,,,20.0,20.0,,,21.0,,17.0,,17.0,13.0,18.0,15.0,,,14.0,14.0,,,,12.0,,,11.0,15.0,8.0,15.0,8.0,5.0,11.0,13.0,,,,,,7.0,12.0,19.0,11.0,10.0
2018-09-07 00:00:00,19,,,19.0,19.0,,23.0,19.0,21.0,22.0,24.0,,,17.0,21.0,,,26.0,,18.0,,23.0,14.0,21.0,19.0,,,19.0,13.0,,,,14.0,,,12.0,24.0,10.0,15.0,9.0,8.0,12.0,16.0,,,,,,6.0,18.0,25.0,14.0,6.0
2018-09-08 00:00:00,22,,,19.0,22.0,,28.0,25.0,23.0,41.0,31.0,,,24.0,26.0,,,36.0,,17.0,,27.0,21.0,27.0,25.0,,,15.0,10.0,,,,11.0,,,12.0,19.0,11.0,15.0,5.0,10.0,10.0,16.0,,,,,,7.0,16.0,19.0,15.0,7.0
2018-09-09 00:00:00,26,,,26.0,28.0,,34.0,34.0,32.0,50.0,32.0,,,24.0,31.0,,,31.0,,21.0,,20.0,16.0,18.0,32.0,,,15.0,10.0,,,,12.0,,,16.0,17.0,8.0,15.0,7.0,5.0,8.0,13.0,,,,,,6.0,13.0,14.0,12.0,7.0
2018-09-10 00:00:00,29,,,27.0,31.0,,39.0,35.0,32.0,52.0,40.0,,,27.0,30.0,,,30.0,,15.0,,17.0,15.0,13.0,32.0,,,17.0,9.0,,,,11.0,,,13.0,18.0,9.0,11.0,7.0,4.0,10.0,13.0,,,,,,6.0,14.0,18.0,7.0,8.0
2018-09-11 00:00:00,17,,,13.0,16.0,,21.0,17.0,16.0,29.0,21.0,,,16.0,18.0,,,28.0,,12.0,,9.0,13.0,10.0,16.0,,,15.0,11.0,,,,12.0,,,16.0,26.0,9.0,13.0,10.0,6.0,13.0,14.0,,,,,,8.0,17.0,23.0,11.0,8.0
2018-09-12 00:00:00,18,,,17.0,18.0,,21.0,19.0,17.0,,25.0,,,15.0,21.0,,,28.0,,13.0,,7.0,12.0,7.0,14.0,,,13.0,15.0,,,,11.0,,,16.0,26.0,9.0,13.0,11.0,8.0,11.0,14.0,,,,,,7.0,16.0,18.0,11.0,8.0
2018-09-13 00:00:00,18,,,15.0,17.0,,22.0,17.0,16.0,19.0,,,,16.0,25.0,,,18.0,,,,12.0,12.0,6.0,10.0,,,14.0,20.0,,,,12.0,,,15.0,20.0,11.0,14.0,9.0,8.0,9.0,13.0,,,,,,6.0,18.0,16.0,13.0,6.0
2018-09-14 00:00:00,13,,,10.0,15.0,,18.0,17.0,15.0,30.0,,,,15.0,22.0,,,15.0,,,,10.0,10.0,4.0,10.0,,,10.0,12.0,,,,15.0,,,12.0,23.0,11.0,12.0,8.0,5.0,14.0,13.0,,,,,,9.0,15.0,15.0,8.0,6.0
2018-09-15 00:00:00,14,,,11.0,14.0,,21.0,17.0,17.0,32.0,22.0,,,14.0,20.0,,,18.0,,15.0,,,7.0,6.0,10.0,,,12.0,14.0,,,,16.0,,,9.0,27.0,6.0,8.0,13.0,6.0,13.0,19.0,,,,,,14.0,14.0,15.0,6.0,
2018-09-16 00:00:00,14,,,9.0,16.0,,20.0,16.0,20.0,34.0,21.0,,,13.0,19.0,,,17.0,,10.0,,11.0,6.0,15.0,13.0,,,15.0,16.0,,,,17.0,,,8.0,25.0,6.0,9.0,17.0,9.0,14.0,21.0,,,,,,10.0,12.0,18.0,6.0,6.0
2018-09-17 00:00:00,10,,,10.0,10.0,,16.0,15.0,13.0,13.0,19.0,,,8.0,8.0,,,16.0,,9.0,,9.0,6.0,7.0,7.0,,,15.0,18.0,,,,16.0,,,10.0,24.0,10.0,12.0,14.0,8.0,15.0,15.0,,,,,,11.0,11.0,14.0,5.0,8.0
2018-09-18 00:00:00,8,,,7.0,9.0,,13.0,12.0,11.0,19.0,19.0,,,6.0,10.0,,,16.0,,12.0,9.0,15.0,6.0,16.0,10.0,,,9.0,9.0,,,,14.0,,,9.0,20.0,12.0,13.0,,6.0,8.0,12.0,,,,,,,12.0,13.0,9.0,7.0
2018-09-19 00:00:00,8,,,12.0,14.0,,16.0,11.0,15.0,23.0,18.0,,,10.0,15.0,,,17.0,,11.0,7.0,15.0,9.0,14.0,9.0,,,8.0,10.0,,,,9.0,,,10.0,21.0,13.0,17.0,7.0,5.0,8.0,8.0,,,,,,5.0,13.0,15.0,8.0,9.0
2018-09-20 00:00:00,21,,,16.0,20.0,,25.0,21.0,26.0,31.0,27.0,,,21.0,26.0,,,31.0,,13.0,33.0,16.0,14.0,19.0,22.0,,,9.0,8.0,,,,10.0,,,8.0,18.0,8.0,17.0,7.0,4.0,11.0,10.0,,,,,,6.0,15.0,20.0,7.0,7.0
2018-09-21 00:00:00,27,,,19.0,,,31.0,27.0,28.0,38.0,37.0,,,29.0,23.0,,,35.0,,18.0,52.0,29.0,21.0,33.0,31.0,,,10.0,13.0,,,,12.0,,,17.0,19.0,12.0,14.0,9.0,4.0,9.0,15.0,,,,,,4.0,16.0,25.0,9.0,7.0
2018-09-22 00:00:00,19,,,17.0,,,24.0,27.0,22.0,32.0,29.0,,,20.0,22.0,,,34.0,,22.0,35.0,25.0,18.0,23.0,21.0,,,14.0,14.0,,,,13.0,,,13.0,21.0,7.0,13.0,13.0,5.0,9.0,19.0,,,,,,6.0,14.0,20.0,12.0,7.0
2018-09-23 00:00:00,14,,,13.0,,,20.0,20.0,16.0,29.0,25.0,,,16.0,19.0,,,25.0,,23.0,19.0,17.0,11.0,14.0,13.0,,,17.0,14.0,,,,13.0,,,12.0,16.0,10.0,11.0,13.0,5.0,10.0,15.0,,,,,,8.0,15.0,13.0,16.0,7.0
2018-09-24 00:00:00,17,,,15.0,,,25.0,21.0,18.0,36.0,26.0,,,15.0,19.0,,,23.0,,19.0,22.0,14.0,10.0,17.0,18.0,,,16.0,12.0,,,,11.0,,,14.0,20.0,12.0,17.0,13.0,7.0,10.0,15.0,,,,,,7.0,16.0,12.0,15.0,10.0
2018-09-25 00:00:00,16,,,13.0,12.0,,26.0,19.0,18.0,32.0,25.0,,,13.0,16.0,,,19.0,,10.0,22.0,13.0,12.0,18.0,14.0,,,15.0,12.0,,,,12.0,,,17.0,24.0,16.0,16.0,12.0,7.0,16.0,14.0,,,,,,9.0,15.0,14.0,8.0,13.0
2018-09-26 00:00:00,13,,,9.0,10.0,,16.0,15.0,13.0,18.0,19.0,,,8.0,15.0,,,20.0,,10.0,14.0,20.0,7.0,9.0,13.0,,,13.0,9.0,,,,10.0,,,17.0,32.0,16.0,21.0,11.0,7.0,15.0,15.0,,,,,,11.0,14.0,21.0,7.0,13.0
2018-09-27 00:00:00,11,,,7.0,8.0,,16.0,13.0,12.0,17.0,17.0,,,9.0,14.0,,,24.0,,11.0,11.0,17.0,6.0,14.0,16.0,,,15.0,9.0,,,,12.0,,,20.0,36.0,16.0,21.0,13.0,8.0,14.0,15.0,,,,,,9.0,14.0,25.0,5.0,13.0
2018-09-28 00:00:00,15,,,15.0,12.0,,22.0,18.0,18.0,26.0,24.0,,,15.0,16.0,,,30.0,,12.0,18.0,13.0,8.0,18.0,17.0,,,16.0,8.0,,,,13.0,,,11.0,34.0,11.0,14.0,14.0,7.0,14.0,13.0,,,,,,9.0,16.0,24.0,10.0,6.0
2018-09-29 00:00:00,23,,,24.0,19.0,,30.0,23.0,27.0,40.0,29.0,,,20.0,24.0,,,31.0,,20.0,19.0,16.0,9.0,17.0,22.0,,,17.0,7.0,,,,10.0,,,11.0,20.0,12.0,22.0,9.0,6.0,8.0,10.0,,,,,,7.0,13.0,18.0,18.0,6.0
2018-09-30 00:00:00,12,,,8.0,8.0,,18.0,16.0,13.0,,27.0,,,18.0,14.0,,,18.0,,14.0,30.0,22.0,12.0,19.0,13.0,,,16.0,9.0,,,,10.0,,,18.0,24.0,20.0,27.0,6.0,7.0,8.0,13.0,,,,,,7.0,15.0,9.0,11.0,14.0
2018-10-01 00:00:00,10,,,12.0,9.0,,19.0,15.0,16.0,,21.0,,,11.0,14.0,,9.0,25.0,11.0,18.0,27.0,21.0,15.0,19.0,21.0,,,19.0,,,,,10.0,,15.0,22.0,39.0,25.0,22.0,5.0,5.0,7.0,16.0,,,9.0,10.0,,6.0,12.0,11.0,14.0,18.0
2018-10-02 00:00:00,17,,,15.0,16.0,,24.0,21.0,24.0,33.0,26.0,,,18.0,20.0,,17.0,33.0,20.0,15.0,35.0,14.0,11.0,11.0,16.0,,,15.0,,,,,11.0,,8.0,16.0,41.0,20.0,17.0,10.0,5.0,11.0,9.0,,,16.0,23.0,,14.0,11.0,21.0,12.0,11.0
2018-10-03 00:00:00,28,,,28.0,27.0,,38.0,38.0,36.0,47.0,43.0,,,27.0,26.0,,21.0,40.0,29.0,21.0,62.0,19.0,14.0,20.0,17.0,,15.0,18.0,,,,,14.0,,10.0,14.0,48.0,10.0,15.0,17.0,5.0,21.0,12.0,,,16.0,27.0,,23.0,16.0,21.0,21.0,10.0
2018-10-04 00:00:00,22,,,24.0,24.0,,38.0,38.0,32.0,49.0,44.0,,,25.0,25.0,,28.0,36.0,30.0,37.0,53.0,19.0,17.0,15.0,22.0,,16.0,27.0,,,,,22.0,,7.0,9.0,51.0,11.0,11.0,22.0,11.0,25.0,22.0,,,20.0,26.0,,25.0,23.0,24.0,31.0,9.0
2018-10-05 00:00:00,12,,,11.0,10.0,,17.0,15.0,15.0,27.0,21.0,,,13.0,16.0,,22.0,29.0,26.0,15.0,24.0,15.0,8.0,11.0,9.0,,7.0,35.0,,,,,28.0,,8.0,17.0,58.0,11.0,13.0,27.0,16.0,27.0,27.0,,,12.0,32.0,,28.0,28.0,16.0,22.0,14.0
2018-10-06 00:00:00,16,,,15.0,16.0,,22.0,21.0,19.0,35.0,25.0,,,17.0,18.0,,13.0,29.0,19.0,19.0,30.0,13.0,7.0,13.0,14.0,,12.0,35.0,,,,,28.0,,14.0,15.0,61.0,10.0,18.0,29.0,16.0,29.0,35.0,,,15.0,30.0,,22.0,31.0,18.0,15.0,15.0
2018-10-07 00:00:00,,,,18.0,18.0,,26.0,25.0,25.0,35.0,29.0,,,21.0,21.0,,11.0,27.0,19.0,22.0,33.0,16.0,8.0,14.0,21.0,,19.0,35.0,,,,,29.0,,10.0,5.0,55.0,7.0,11.0,29.0,14.0,31.0,33.0,,,11.0,29.0,,21.0,32.0,19.0,15.0,8.0
2018-10-08 00:00:00,,,,22.0,22.0,,30.0,30.0,28.0,43.0,36.0,,,23.0,23.0,,19.0,32.0,22.0,25.0,38.0,20.0,12.0,15.0,18.0,,15.0,35.0,,,,,29.0,,11.0,,55.0,8.0,12.0,28.0,13.0,29.0,31.0,,,25.0,27.0,,19.0,31.0,28.0,17.0,6.0
2018-10-09 00:00:00,24,,,19.0,22.0,,30.0,26.0,25.0,42.0,30.0,,,21.0,28.0,,18.0,38.0,23.0,21.0,41.0,21.0,16.0,20.0,21.0,,18.0,35.0,,,,,30.0,,8.0,,54.0,8.0,12.0,23.0,11.0,26.0,31.0,,,28.0,27.0,,18.0,31.0,34.0,26.0,7.0
2018-10-10 00:00:00,29,,,23.0,25.0,,33.0,32.0,32.0,42.0,39.0,,,28.0,31.0,,31.0,41.0,24.0,31.0,38.0,23.0,20.0,30.0,28.0,,27.0,29.0,,,,,27.0,,14.0,,41.0,15.0,18.0,15.0,12.0,23.0,29.0,,,26.0,23.0,,,25.0,,36.0,14.0
2018-10-11 00:00:00,23,,,24.0,21.0,,30.0,27.0,31.0,38.0,33.0,,,27.0,30.0,,24.0,33.0,19.0,39.0,50.0,27.0,20.0,24.0,25.0,,22.0,19.0,,,,,14.0,,18.0,,25.0,15.0,19.0,8.0,10.0,16.0,20.0,,,17.0,16.0,,,21.0,,28.0,15.0
2018-10-12 00:00:00,16,,,15.0,13.0,,19.0,19.0,19.0,29.0,26.0,,,16.0,20.0,,18.0,26.0,19.0,31.0,44.0,17.0,14.0,12.0,17.0,,16.0,25.0,,,,,13.0,,22.0,,32.0,9.0,13.0,11.0,11.0,13.0,17.0,,,14.0,14.0,,,27.0,15.0,22.0,14.0
2018-10-13 00:00:00,27,,,22.0,23.0,,33.0,33.0,30.0,45.0,39.0,,,25.0,27.0,,21.0,26.0,22.0,22.0,38.0,16.0,16.0,13.0,22.0,,13.0,20.0,,,,,15.0,,19.0,,30.0,9.0,12.0,10.0,9.0,15.0,16.0,,,11.0,17.0,,,23.0,15.0,24.0,9.0
2018-10-14 00:00:00,26,,,20.0,19.0,,33.0,33.0,25.0,40.0,37.0,,,29.0,25.0,,21.0,27.0,19.0,27.0,49.0,18.0,13.0,13.0,24.0,,15.0,22.0,,,,,14.0,,18.0,,21.0,12.0,16.0,12.0,8.0,16.0,20.0,,,10.0,20.0,,,22.0,13.0,23.0,
2018-10-15 00:00:00,12,,,14.0,14.0,,23.0,19.0,19.0,26.0,23.0,,,12.0,15.0,,16.0,29.0,19.0,23.0,16.0,14.0,10.0,10.0,22.0,,16.0,21.0,,,,,17.0,,14.0,18.0,32.0,13.0,16.0,15.0,9.0,18.0,18.0,,,10.0,20.0,,,19.0,16.0,25.0,7.0
2018-10-16 00:00:00,12,,,10.0,13.0,,17.0,15.0,19.0,27.0,23.0,,,9.0,17.0,,19.0,35.0,21.0,18.0,13.0,18.0,13.0,10.0,19.0,,15.0,23.0,,,,,20.0,,12.0,12.0,25.0,8.0,12.0,13.0,7.0,18.0,17.0,,,10.0,17.0,,,16.0,15.0,20.0,6.0
2018-10-17 00:00:00,12,19.0,20.0,11.0,18.0,38.0,22.0,17.0,19.0,33.0,22.0,,15.0,8.0,15.0,21.0,17.0,27.0,18.0,17.0,16.0,15.0,9.0,14.0,16.0,18.0,13.0,20.0,,14.0,12.0,12.0,15.0,17.0,7.0,15.0,20.0,7.0,11.0,11.0,10.0,18.0,16.0,14.0,16.0,10.0,13.0,10.0,,15.0,18.0,10.0,
2018-10-18 00:00:00,21,,19.0,16.0,16.0,33.0,27.0,24.0,22.0,34.0,28.0,,20.0,16.0,21.0,20.0,18.0,28.0,21.0,12.0,14.0,18.0,14.0,18.0,20.0,23.0,12.0,20.0,,14.0,12.0,11.0,12.0,17.0,6.0,13.0,12.0,9.0,10.0,15.0,11.0,21.0,19.0,13.0,14.0,11.0,10.0,11.0,,18.0,15.0,10.0,4.0
2018-10-19 00:00:00,32,,26.0,22.0,24.0,37.0,39.0,30.0,31.0,41.0,40.0,,30.0,28.0,27.0,25.0,21.0,27.0,22.0,20.0,,22.0,15.0,22.0,28.0,27.0,19.0,21.0,,14.0,13.0,10.0,14.0,17.0,10.0,9.0,22.0,11.0,12.0,18.0,9.0,13.0,21.0,15.0,14.0,12.0,11.0,11.0,5.0,19.0,14.0,19.0,
2018-10-20 00:00:00,28,,21.0,19.0,22.0,39.0,29.0,22.0,29.0,44.0,32.0,,22.0,27.0,29.0,18.0,12.0,24.0,22.0,15.0,,17.0,9.0,,23.0,19.0,15.0,24.0,,13.0,7.0,8.0,15.0,13.0,12.0,12.0,22.0,10.0,12.0,20.0,10.0,13.0,21.0,12.0,16.0,9.0,13.0,15.0,5.0,18.0,7.0,10.0,6.0
2018-10-21 00:00:00,7,8.0,12.0,7.0,8.0,14.0,14.0,13.0,11.0,28.0,17.0,,10.0,9.0,13.0,12.0,8.0,15.0,11.0,8.0,,10.0,4.0,12.0,10.0,7.0,7.0,19.0,,12.0,6.0,7.0,11.0,,10.0,10.0,,9.0,14.0,13.0,9.0,9.0,18.0,10.0,12.0,8.0,10.0,11.0,,10.0,3.0,8.0,8.0
2018-10-22 00:00:00,9,12.0,16.0,14.0,12.0,22.0,18.0,14.0,17.0,25.0,19.0,,11.0,12.0,15.0,19.0,10.0,20.0,14.0,14.0,,12.0,6.0,17.0,12.0,11.0,10.0,15.0,,5.0,5.0,4.0,5.0,9.0,12.0,15.0,,12.0,18.0,5.0,6.0,6.0,8.0,5.0,7.0,9.0,,8.0,4.0,13.0,6.0,12.0,8.0
2018-10-23 00:00:00,17,17.0,18.0,13.0,15.0,43.0,21.0,20.0,23.0,31.0,29.0,,18.0,15.0,19.0,18.0,13.0,28.0,17.0,12.0,,16.0,10.0,16.0,18.0,17.0,17.0,14.0,,6.0,6.0,5.0,9.0,12.0,5.0,,,16.0,13.0,8.0,4.0,7.0,9.0,9.0,8.0,9.0,7.0,,5.0,12.0,12.0,10.0,5.0
2018-10-24 00:00:00,20,17.0,22.0,16.0,19.0,36.0,27.0,25.0,28.0,43.0,33.0,,19.0,24.0,23.0,16.0,13.0,30.0,12.0,13.0,,23.0,14.0,21.0,21.0,16.0,18.0,15.0,,7.0,6.0,7.0,9.0,17.0,9.0,,23.0,7.0,10.0,5.0,4.0,10.0,7.0,7.0,6.0,10.0,8.0,7.0,4.0,12.0,9.0,9.0,5.0
2018-10-25 00:00:00,28,26.0,28.0,26.0,26.0,46.0,33.0,36.0,34.0,45.0,40.0,,28.0,38.0,31.0,22.0,20.0,35.0,16.0,19.0,49.0,23.0,12.0,22.0,25.0,20.0,20.0,16.0,,11.0,6.0,10.0,12.0,13.0,11.0,,30.0,7.0,11.0,6.0,4.0,9.0,11.0,8.0,9.0,16.0,11.0,9.0,5.0,13.0,19.0,18.0,6.0
2018-10-26 00:00:00,22,21.0,22.0,20.0,20.0,35.0,26.0,26.0,27.0,40.0,29.0,,19.0,27.0,30.0,18.0,19.0,42.0,19.0,20.0,41.0,27.0,17.0,30.0,24.0,27.0,13.0,19.0,,13.0,,8.0,15.0,11.0,8.0,,29.0,10.0,14.0,7.0,5.0,10.0,16.0,10.0,9.0,15.0,12.0,6.0,7.0,14.0,10.0,15.0,6.0
2018-10-27 00:00:00,20,20.0,21.0,21.0,19.0,28.0,29.0,23.0,26.0,35.0,32.0,,25.0,36.0,25.0,17.0,17.0,31.0,18.0,25.0,53.0,20.0,19.0,31.0,23.0,28.0,16.0,20.0,,14.0,9.0,8.0,12.0,16.0,10.0,,27.0,10.0,14.0,11.0,7.0,14.0,17.0,11.0,11.0,12.0,13.0,8.0,7.0,18.0,14.0,19.0,7.0
2018-10-28 00:00:00,14,19.0,22.0,13.0,15.0,16.0,19.0,15.0,23.0,27.0,23.0,,16.0,25.0,21.0,21.0,22.0,25.0,21.0,28.0,40.0,26.0,22.0,29.0,18.0,19.0,14.0,22.0,,14.0,6.0,8.0,13.0,15.0,12.0,,27.0,12.0,17.0,12.0,9.0,14.0,21.0,13.0,12.0,15.0,13.0,10.0,6.0,16.0,19.0,22.0,9.0
2018-10-29 00:00:00,23,26.0,25.0,19.0,21.0,44.0,26.0,26.0,31.0,34.0,32.0,,24.0,38.0,25.0,25.0,28.0,30.0,24.0,27.0,54.0,28.0,23.0,31.0,21.0,21.0,22.0,23.0,,18.0,8.0,8.0,16.0,18.0,13.0,,32.0,10.0,15.0,15.0,10.0,12.0,22.0,14.0,12.0,21.0,18.0,10.0,7.0,18.0,25.0,25.0,10.0
2018-10-30 00:00:00,24,22.0,22.0,21.0,22.0,30.0,25.0,23.0,30.0,31.0,32.0,25.0,23.0,29.0,26.0,24.0,25.0,39.0,29.0,35.0,45.0,27.0,21.0,34.0,26.0,25.0,27.0,20.0,,17.0,10.0,9.0,17.0,23.0,20.0,,38.0,14.0,18.0,13.0,10.0,11.0,19.0,16.0,12.0,26.0,22.0,9.0,9.0,21.0,24.0,29.0,13.0
2018-10-31 00:00:00,29,,28.0,27.0,28.0,30.0,29.0,27.0,30.0,30.0,36.0,32.0,27.0,35.0,31.0,30.0,31.0,46.0,33.0,44.0,43.0,30.0,26.0,35.0,27.0,25.0,31.0,24.0,,17.0,14.0,13.0,20.0,26.0,25.0,,45.0,20.0,25.0,13.0,13.0,18.0,21.0,22.0,15.0,26.0,24.0,11.0,15.0,32.0,31.0,39.0,14.0
2018-11-01 00:00:00,34,,34.0,30.0,35.0,33.0,35.0,36.0,40.0,37.0,42.0,44.0,34.0,42.0,37.0,39.0,34.0,40.0,37.0,45.0,68.0,29.0,26.0,36.0,29.0,24.0,33.0,27.0,,18.0,13.0,13.0,20.0,34.0,23.0,,40.0,20.0,25.0,17.0,14.0,21.0,24.0,21.0,15.0,28.0,24.0,11.0,15.0,29.0,35.0,42.0,17.0
2018-11-02 00:00:00,39,,33.0,35.0,40.0,47.0,40.0,44.0,46.0,47.0,46.0,46.0,39.0,58.0,35.0,40.0,34.0,41.0,36.0,38.0,71.0,35.0,33.0,43.0,32.0,26.0,36.0,29.0,,21.0,14.0,14.0,24.0,37.0,28.0,,41.0,12.0,16.0,19.0,16.0,20.0,26.0,19.0,20.0,28.0,21.0,17.0,14.0,31.0,33.0,39.0,16.0
2018-11-03 00:00:00,42,42.0,41.0,37.0,40.0,55.0,47.0,50.0,49.0,52.0,58.0,48.0,45.0,58.0,46.0,43.0,35.0,39.0,37.0,37.0,70.0,38.0,35.0,42.0,29.0,31.0,31.0,31.0,,24.0,14.0,13.0,25.0,33.0,21.0,,46.0,9.0,11.0,24.0,14.0,22.0,29.0,22.0,22.0,29.0,25.0,21.0,15.0,35.0,38.0,38.0,7.0
2018-11-04 00:00:00,42,43.0,41.0,40.0,,47.0,46.0,44.0,55.0,52.0,53.0,45.0,42.0,53.0,53.0,45.0,41.0,44.0,32.0,40.0,59.0,43.0,38.0,46.0,38.0,32.0,36.0,29.0,,23.0,15.0,13.0,24.0,33.0,9.0,,49.0,8.0,12.0,23.0,14.0,21.0,34.0,23.0,21.0,26.0,21.0,26.0,13.0,32.0,39.0,36.0,5.0
2018-11-05 00:00:00,43,44.0,38.0,36.0,,46.0,44.0,44.0,49.0,49.0,50.0,50.0,40.0,51.0,48.0,39.0,40.0,44.0,33.0,38.0,68.0,49.0,36.0,43.0,41.0,32.0,36.0,28.0,,23.0,13.0,13.0,23.0,34.0,15.0,,46.0,,13.0,20.0,12.0,20.0,30.0,23.0,21.0,30.0,22.0,21.0,10.0,35.0,31.0,37.0,10.0
2018-11-06 00:00:00,32,34.0,30.0,38.0,36.0,43.0,39.0,37.0,44.0,47.0,42.0,42.0,34.0,43.0,36.0,32.0,30.0,31.0,29.0,33.0,60.0,40.0,31.0,,26.0,22.0,29.0,25.0,,21.0,12.0,13.0,23.0,32.0,23.0,,31.0,,17.0,21.0,13.0,20.0,29.0,24.0,19.0,22.0,20.0,18.0,11.0,31.0,26.0,32.0,9.0
2018-11-07 00:00:00,23,26.0,24.0,23.0,26.0,34.0,29.0,27.0,34.0,35.0,33.0,33.0,24.0,34.0,28.0,23.0,23.0,25.0,20.0,27.0,56.0,29.0,,30.0,20.0,21.0,24.0,23.0,,21.0,11.0,14.0,23.0,28.0,22.0,,23.0,7.0,15.0,21.0,16.0,22.0,26.0,23.0,21.0,16.0,20.0,19.0,11.0,25.0,19.0,26.0,11.0
2018-11-08 00:00:00,18,20.0,20.0,16.0,18.0,22.0,20.0,20.0,27.0,26.0,25.0,24.0,19.0,25.0,22.0,,18.0,24.0,18.0,28.0,36.0,23.0,,24.0,17.0,12.0,14.0,22.0,,19.0,12.0,12.0,21.0,21.0,7.0,,22.0,7.0,11.0,20.0,15.0,19.0,28.0,19.0,21.0,14.0,15.0,15.0,11.0,22.0,20.0,24.0,11.0
2018-11-09 00:00:00,16,19.0,18.0,14.0,18.0,23.0,21.0,20.0,28.0,30.0,26.0,26.0,17.0,27.0,20.0,,15.0,26.0,21.0,25.0,42.0,20.0,,22.0,16.0,15.0,13.0,19.0,,16.0,7.0,10.0,18.0,12.0,7.0,,21.0,11.0,12.0,19.0,12.0,19.0,23.0,16.0,18.0,12.0,12.0,15.0,9.0,17.0,19.0,21.0,8.0
2018-11-10 00:00:00,20,22.0,17.0,17.0,22.0,27.0,24.0,,26.0,38.0,29.0,25.0,17.0,20.0,24.0,17.0,13.0,28.0,18.0,24.0,42.0,20.0,,25.0,22.0,21.0,17.0,14.0,,10.0,5.0,6.0,13.0,9.0,6.0,,22.0,9.0,13.0,18.0,9.0,14.0,15.0,9.0,14.0,10.0,12.0,18.0,7.0,16.0,18.0,15.0,5.0
2018-11-11 00:00:00,22,18.0,22.0,18.0,21.0,29.0,27.0,,29.0,33.0,31.0,28.0,21.0,18.0,28.0,21.0,18.0,25.0,16.0,21.0,35.0,25.0,,26.0,21.0,20.0,14.0,12.0,,7.0,7.0,5.0,10.0,10.0,12.0,,22.0,9.0,14.0,6.0,6.0,9.0,17.0,9.0,9.0,14.0,10.0,7.0,3.0,18.0,16.0,16.0,5.0
2018-11-12 00:00:00,37,,30.0,28.0,29.0,50.0,38.0,,35.0,42.0,45.0,45.0,34.0,32.0,34.0,28.0,22.0,35.0,19.0,23.0,51.0,35.0,,35.0,37.0,32.0,28.0,13.0,,6.0,6.0,6.0,7.0,17.0,11.0,,31.0,14.0,16.0,8.0,6.0,11.0,13.0,8.0,8.0,17.0,10.0,9.0,6.0,14.0,19.0,22.0,8.0
2018-11-13 00:00:00,46,,38.0,41.0,38.0,55.0,44.0,52.0,46.0,56.0,54.0,47.0,45.0,33.0,42.0,36.0,22.0,34.0,23.0,28.0,47.0,50.0,,46.0,47.0,42.0,32.0,14.0,,8.0,5.0,7.0,9.0,12.0,11.0,,25.0,13.0,20.0,11.0,6.0,10.0,14.0,11.0,10.0,16.0,10.0,10.0,5.0,14.0,27.0,24.0,9.0
2018-11-14 00:00:00,44,37.0,35.0,32.0,35.0,62.0,40.0,47.0,44.0,51.0,54.0,52.0,43.0,43.0,48.0,32.0,25.0,39.0,25.0,25.0,56.0,33.0,,45.0,44.0,35.0,32.0,16.0,,10.0,6.0,9.0,12.0,25.0,12.0,,27.0,10.0,20.0,12.0,7.0,13.0,20.0,12.0,11.0,22.0,7.0,10.0,5.0,18.0,34.0,23.0,7.0
2018-11-15 00:00:00,39,32.0,40.0,38.0,36.0,59.0,51.0,49.0,42.0,61.0,54.0,52.0,35.0,34.0,34.0,35.0,28.0,41.0,20.0,28.0,40.0,32.0,,40.0,37.0,35.0,30.0,16.0,,10.0,8.0,10.0,11.0,23.0,16.0,,27.0,11.0,16.0,11.0,11.0,13.0,17.0,15.0,11.0,16.0,13.0,13.0,7.0,14.0,30.0,28.0,6.0
2018-11-16 00:00:00,21,21.0,24.0,19.0,23.0,44.0,28.0,26.0,27.0,41.0,30.0,43.0,19.0,13.0,24.0,32.0,27.0,31.0,26.0,26.0,20.0,26.0,,27.0,25.0,26.0,19.0,18.0,,13.0,8.0,10.0,13.0,26.0,13.0,,27.0,10.0,14.0,15.0,11.0,16.0,22.0,19.0,16.0,16.0,15.0,13.0,,15.0,25.0,28.0,9.0
2018-11-17 00:00:00,20,21.0,20.0,17.0,21.0,39.0,25.0,24.0,25.0,37.0,26.0,38.0,16.0,11.0,20.0,28.0,24.0,39.0,19.0,21.0,18.0,26.0,,,23.0,23.0,16.0,21.0,,13.0,11.0,10.0,16.0,25.0,11.0,,34.0,11.0,18.0,15.0,9.0,16.0,22.0,21.0,18.0,18.0,14.0,15.0,8.0,17.0,22.0,28.0,11.0
2018-11-18 00:00:00,26,27.0,30.0,24.0,32.0,32.0,37.0,32.0,33.0,43.0,33.0,32.0,26.0,18.0,23.0,27.0,18.0,41.0,26.0,22.0,20.0,30.0,,,22.0,19.0,18.0,21.0,,16.0,11.0,12.0,16.0,22.0,13.0,,30.0,10.0,18.0,16.0,11.0,15.0,21.0,19.0,17.0,16.0,9.0,16.0,12.0,19.0,19.0,28.0,11.0
2018-11-19 00:00:00,30,28.0,31.0,29.0,33.0,43.0,40.0,38.0,39.0,45.0,,37.0,30.0,29.0,31.0,25.0,16.0,31.0,17.0,29.0,50.0,23.0,,,27.0,25.0,21.0,23.0,,16.0,11.0,13.0,16.0,20.0,16.0,,27.0,12.0,16.0,22.0,11.0,17.0,23.0,15.0,19.0,11.0,11.0,20.0,10.0,20.0,20.0,30.0,10.0
2018-11-20 00:00:00,25,19.0,25.0,25.0,22.0,42.0,35.0,40.0,28.0,45.0,42.0,50.0,30.0,18.0,20.0,23.0,17.0,42.0,20.0,22.0,42.0,18.0,,20.0,18.0,14.0,13.0,24.0,,16.0,11.0,16.0,18.0,28.0,15.0,,34.0,12.0,15.0,22.0,10.0,18.0,26.0,18.0,19.0,14.0,15.0,21.0,10.0,24.0,14.0,22.0,9.0
2018-11-21 00:00:00,33,25.0,34.0,29.0,29.0,60.0,37.0,46.0,41.0,51.0,51.0,48.0,32.0,31.0,29.0,34.0,25.0,44.0,18.0,22.0,53.0,23.0,,32.0,30.0,28.0,22.0,22.0,,15.0,11.0,13.0,19.0,22.0,6.0,,40.0,12.0,14.0,19.0,10.0,18.0,26.0,18.0,19.0,19.0,17.0,13.0,8.0,27.0,23.0,22.0,8.0
2018-11-22 00:00:00,35,32.0,34.0,31.0,33.0,60.0,36.0,42.0,40.0,43.0,48.0,48.0,28.0,29.0,36.0,33.0,27.0,48.0,21.0,31.0,50.0,31.0,,38.0,29.0,32.0,28.0,23.0,,18.0,12.0,13.0,21.0,21.0,13.0,,22.0,17.0,20.0,19.0,10.0,17.0,27.0,19.0,20.0,20.0,15.0,11.0,9.0,29.0,27.0,31.0,11.0
2018-11-23 00:00:00,20,24.0,27.0,22.0,25.0,37.0,30.0,33.0,29.0,45.0,33.0,29.0,20.0,17.0,20.0,24.0,23.0,22.0,19.0,27.0,50.0,25.0,,24.0,15.0,18.0,18.0,24.0,,17.0,12.0,13.0,19.0,18.0,16.0,,25.0,17.0,22.0,23.0,12.0,16.0,28.0,19.0,22.0,15.0,12.0,21.0,8.0,22.0,20.0,24.0,10.0
2018-11-24 00:00:00,26,22.0,21.0,17.0,27.0,34.0,30.0,27.0,30.0,33.0,38.0,26.0,25.0,,26.0,26.0,23.0,29.0,19.0,26.0,58.0,26.0,,24.0,16.0,16.0,20.0,23.0,,16.0,12.0,12.0,17.0,20.0,19.0,,31.0,14.0,20.0,26.0,14.0,17.0,22.0,17.0,19.0,16.0,12.0,27.0,9.0,21.0,24.0,24.0,12.0
2018-11-25 00:00:00,32,33.0,29.0,27.0,36.0,42.0,35.0,38.0,48.0,38.0,40.0,32.0,29.0,,33.0,30.0,30.0,34.0,25.0,29.0,63.0,28.0,,34.0,18.0,21.0,23.0,23.0,,16.0,13.0,12.0,21.0,29.0,24.0,,31.0,17.0,22.0,25.0,10.0,16.0,23.0,19.0,25.0,19.0,17.0,17.0,11.0,27.0,28.0,32.0,13.0
2018-11-26 00:00:00,32,33.0,29.0,29.0,33.0,40.0,35.0,36.0,46.0,38.0,42.0,41.0,30.0,,33.0,28.0,26.0,30.0,29.0,32.0,,26.0,,36.0,22.0,21.0,24.0,23.0,15.0,15.0,12.0,12.0,17.0,31.0,25.0,,41.0,19.0,25.0,19.0,11.0,18.0,24.0,20.0,22.0,16.0,24.0,15.0,9.0,28.0,29.0,30.0,20.0
2018-11-27 00:00:00,26,28.0,30.0,27.0,,32.0,31.0,32.0,35.0,35.0,35.0,31.0,26.0,18.0,25.0,30.0,26.0,30.0,29.0,36.0,47.0,23.0,,29.0,20.0,22.0,20.0,24.0,14.0,14.0,12.0,10.0,19.0,34.0,19.0,,45.0,22.0,28.0,23.0,12.0,20.0,24.0,25.0,23.0,17.0,30.0,13.0,17.0,26.0,23.0,33.0,16.0
2018-11-28 00:00:00,21,20.0,20.0,18.0,,20.0,25.0,25.0,32.0,29.0,29.0,,18.0,13.0,26.0,21.0,19.0,28.0,21.0,39.0,33.0,20.0,,22.0,19.0,18.0,18.0,21.0,15.0,19.0,18.0,13.0,23.0,31.0,7.0,,35.0,18.0,24.0,29.0,13.0,24.0,31.0,27.0,27.0,23.0,34.0,19.0,16.0,30.0,27.0,26.0,8.0
2018-11-29 00:00:00,31,30.0,30.0,25.0,,41.0,33.0,39.0,39.0,42.0,48.0,,36.0,25.0,35.0,28.0,25.0,35.0,,38.0,58.0,29.0,,34.0,26.0,16.0,25.0,27.0,19.0,21.0,20.0,18.0,25.0,39.0,7.0,,38.0,11.0,16.0,33.0,14.0,19.0,29.0,30.0,33.0,22.0,21.0,17.0,16.0,34.0,28.0,32.0,8.0
2018-11-30 00:00:00,37,38.0,40.0,39.0,,48.0,41.0,46.0,48.0,51.0,47.0,42.0,38.0,27.0,35.0,40.0,33.0,40.0,,42.0,73.0,27.0,,36.0,23.0,24.0,26.0,28.0,24.0,24.0,20.0,18.0,27.0,33.0,13.0,,39.0,15.0,16.0,34.0,15.0,19.0,29.0,28.0,29.0,19.0,23.0,24.0,18.0,31.0,31.0,34.0,10.0
2018-12-01 00:00:00,40,37.0,36.0,34.0,,55.0,40.0,51.0,46.0,49.0,49.0,55.0,40.0,33.0,37.0,31.0,42.0,41.0,25.0,36.0,72.0,,,51.0,27.0,31.0,29.0,26.0,21.0,28.0,15.0,16.0,26.0,35.0,11.0,,32.0,10.0,16.0,35.0,14.0,21.0,27.0,24.0,32.0,19.0,23.0,22.0,,29.0,27.0,34.0,10.0
2018-12-02 00:00:00,38,36.0,36.0,27.0,,56.0,37.0,47.0,39.0,47.0,49.0,53.0,41.0,25.0,35.0,31.0,36.0,40.0,24.0,38.0,75.0,35.0,,,41.0,30.0,26.0,25.0,24.0,28.0,12.0,15.0,25.0,32.0,16.0,,32.0,12.0,16.0,42.0,13.0,20.0,28.0,20.0,35.0,21.0,18.0,35.0,15.0,26.0,22.0,30.0,9.0
2018-12-03 00:00:00,29,29.0,31.0,27.0,,57.0,32.0,34.0,35.0,39.0,43.0,47.0,30.0,20.0,36.0,25.0,30.0,38.0,27.0,41.0,81.0,40.0,,51.0,43.0,35.0,34.0,27.0,22.0,28.0,14.0,17.0,23.0,34.0,13.0,,38.0,14.0,17.0,48.0,9.0,19.0,36.0,25.0,34.0,23.0,20.0,39.0,11.0,33.0,27.0,40.0,10.0
2018-12-04 00:00:00,34,38.0,40.0,34.0,42.0,43.0,48.0,41.0,49.0,47.0,50.0,47.0,38.0,25.0,34.0,39.0,40.0,47.0,29.0,40.0,73.0,42.0,,44.0,32.0,33.0,27.0,26.0,25.0,24.0,16.0,14.0,28.0,37.0,10.0,,44.0,8.0,12.0,38.0,11.0,18.0,33.0,23.0,35.0,22.0,20.0,28.0,13.0,29.0,26.0,41.0,6.0
2018-12-05 00:00:00,32,29.0,30.0,26.0,,48.0,31.0,31.0,33.0,40.0,41.0,36.0,30.0,21.0,33.0,33.0,34.0,36.0,30.0,42.0,56.0,34.0,,39.0,25.0,31.0,25.0,25.0,20.0,28.0,18.0,17.0,27.0,42.0,11.0,,37.0,9.0,12.0,46.0,11.0,18.0,32.0,20.0,39.0,19.0,23.0,23.0,11.0,34.0,29.0,36.0,7.0
2018-12-06 00:00:00,27,26.0,29.0,22.0,33.0,38.0,31.0,32.0,34.0,39.0,42.0,34.0,26.0,13.0,32.0,34.0,27.0,49.0,29.0,46.0,51.0,30.0,,31.0,26.0,25.0,24.0,25.0,22.0,28.0,10.0,19.0,27.0,49.0,14.0,,39.0,9.0,13.0,66.0,12.0,18.0,31.0,22.0,32.0,26.0,23.0,26.0,12.0,38.0,24.0,36.0,9.0
2018-12-07 00:00:00,33,36.0,35.0,33.0,,61.0,35.0,43.0,42.0,47.0,50.0,56.0,38.0,28.0,33.0,32.0,38.0,48.0,28.0,46.0,85.0,46.0,,46.0,37.0,30.0,25.0,33.0,31.0,32.0,21.0,20.0,35.0,43.0,9.0,,36.0,9.0,14.0,,16.0,24.0,41.0,30.0,41.0,21.0,22.0,37.0,13.0,37.0,30.0,39.0,4.0
2018-12-08 00:00:00,22,21.0,22.0,18.0,,23.0,23.0,23.0,26.0,36.0,28.0,31.0,19.0,10.0,24.0,18.0,23.0,40.0,28.0,22.0,33.0,21.0,,27.0,22.0,25.0,17.0,41.0,47.0,46.0,33.0,27.0,38.0,30.0,9.0,,27.0,8.0,14.0,,21.0,30.0,46.0,36.0,51.0,15.0,21.0,51.0,14.0,34.0,19.0,21.0,5.0
2018-12-09 00:00:00,21,24.0,26.0,24.0,,26.0,28.0,31.0,32.0,41.0,33.0,26.0,21.0,13.0,28.0,22.0,17.0,31.0,18.0,20.0,39.0,27.0,,32.0,24.0,18.0,21.0,36.0,31.0,27.0,19.0,14.0,23.0,17.0,5.0,,22.0,14.0,12.0,6.0,15.0,24.0,31.0,23.0,22.0,17.0,13.0,34.0,10.0,23.0,26.0,19.0,5.0
2018-12-10 00:00:00,19,29.0,27.0,22.0,,29.0,30.0,28.0,32.0,38.0,35.0,21.0,25.0,14.0,25.0,,21.0,26.0,22.0,23.0,41.0,18.0,,29.0,20.0,15.0,16.0,19.0,19.0,17.0,10.0,8.0,17.0,16.0,11.0,,27.0,10.0,13.0,19.0,14.0,20.0,22.0,17.0,11.0,12.0,14.0,24.0,6.0,30.0,19.0,22.0,5.0
2018-12-11 00:00:00,25,31.0,32.0,26.0,,38.0,33.0,37.0,36.0,43.0,40.0,32.0,30.0,19.0,34.0,23.0,21.0,29.0,17.0,30.0,51.0,23.0,,18.0,24.0,22.0,22.0,21.0,20.0,21.0,10.0,8.0,20.0,30.0,12.0,,26.0,10.0,13.0,20.0,10.0,17.0,28.0,16.0,21.0,18.0,14.0,17.0,6.0,28.0,24.0,27.0,6.0
2018-12-12 00:00:00,18,22.0,24.0,21.0,,25.0,25.0,26.0,30.0,32.0,32.0,28.0,24.0,12.0,23.0,21.0,18.0,24.0,20.0,33.0,43.0,25.0,,27.0,20.0,23.0,18.0,18.0,20.0,17.0,10.0,8.0,16.0,23.0,7.0,,21.0,11.0,11.0,19.0,9.0,14.0,24.0,18.0,17.0,14.0,14.0,20.0,8.0,26.0,16.0,27.0,6.0
2018-12-13 00:00:00,18,23.0,20.0,19.0,,25.0,24.0,25.0,26.0,29.0,31.0,30.0,20.0,13.0,23.0,19.0,17.0,22.0,15.0,30.0,45.0,18.0,,16.0,16.0,17.0,18.0,15.0,11.0,12.0,9.0,7.0,12.0,22.0,10.0,,25.0,13.0,16.0,8.0,8.0,12.0,18.0,15.0,12.0,12.0,14.0,9.0,3.0,33.0,19.0,22.0,9.0
2018-12-14 00:00:00,19,24.0,25.0,23.0,,31.0,28.0,30.0,34.0,34.0,30.0,30.0,22.0,16.0,23.0,21.0,20.0,22.0,21.0,31.0,47.0,16.0,,21.0,19.0,19.0,19.0,17.0,15.0,13.0,9.0,7.0,13.0,34.0,9.0,,26.0,16.0,17.0,8.0,7.0,10.0,21.0,16.0,13.0,12.0,19.0,7.0,5.0,33.0,18.0,28.0,9.0
2018-12-15 00:00:00,22,28.0,25.0,26.0,,31.0,32.0,32.0,37.0,35.0,37.0,32.0,24.0,19.0,29.0,24.0,22.0,22.0,21.0,34.0,47.0,24.0,,22.0,21.0,16.0,23.0,20.0,14.0,15.0,13.0,8.0,14.0,37.0,12.0,,30.0,9.0,12.0,7.0,9.0,11.0,25.0,15.0,15.0,13.0,15.0,8.0,8.0,29.0,21.0,29.0,8.0
2018-12-16 00:00:00,21,26.0,23.0,25.0,,27.0,27.0,29.0,35.0,30.0,33.0,,23.0,17.0,32.0,20.0,25.0,26.0,21.0,35.0,49.0,26.0,,21.0,23.0,22.0,22.0,18.0,13.0,15.0,13.0,6.0,16.0,34.0,10.0,,27.0,7.0,11.0,8.0,8.0,9.0,25.0,13.0,18.0,15.0,11.0,8.0,4.0,31.0,19.0,34.0,3.0
2018-12-17 00:00:00,22,23.0,22.0,22.0,,27.0,23.0,24.0,28.0,29.0,32.0,,22.0,19.0,27.0,25.0,25.0,24.0,22.0,43.0,40.0,23.0,,23.0,19.0,20.0,21.0,16.0,7.0,12.0,12.0,6.0,15.0,35.0,9.0,,28.0,8.0,11.0,9.0,8.0,13.0,22.0,14.0,17.0,17.0,17.0,13.0,7.0,30.0,18.0,31.0,6.0
2018-12-18 00:00:00,24,28.0,26.0,24.0,,31.0,25.0,29.0,35.0,30.0,35.0,,25.0,23.0,29.0,28.0,29.0,35.0,29.0,45.0,58.0,25.0,,23.0,23.0,23.0,26.0,20.0,18.0,19.0,15.0,11.0,18.0,33.0,9.0,,30.0,10.0,11.0,12.0,9.0,16.0,23.0,19.0,26.0,21.0,19.0,15.0,10.0,32.0,23.0,42.0,5.0
2018-12-19 00:00:00,43,41.0,43.0,38.0,,69.0,38.0,57.0,48.0,54.0,57.0,,48.0,43.0,42.0,42.0,45.0,44.0,33.0,44.0,87.0,35.0,,36.0,34.0,33.0,37.0,27.0,24.0,23.0,20.0,15.0,23.0,44.0,6.0,,42.0,8.0,10.0,23.0,13.0,18.0,27.0,24.0,31.0,31.0,22.0,21.0,11.0,43.0,34.0,43.0,6.0
2018-12-20 00:00:00,72,60.0,64.0,61.0,,97.0,59.0,88.0,73.0,96.0,97.0,,71.0,76.0,67.0,46.0,61.0,68.0,56.0,53.0,108.0,58.0,,53.0,66.0,57.0,57.0,29.0,31.0,28.0,22.0,16.0,29.0,54.0,12.0,,50.0,14.0,14.0,13.0,13.0,22.0,32.0,33.0,31.0,30.0,27.0,26.0,14.0,44.0,36.0,43.0,9.0
2018-12-21 00:00:00,67,65.0,63.0,57.0,,81.0,50.0,72.0,81.0,96.0,84.0,,55.0,56.0,53.0,65.0,66.0,85.0,66.0,45.0,71.0,98.0,,56.0,57.0,54.0,40.0,21.0,20.0,16.0,17.0,9.0,20.0,59.0,16.0,,59.0,16.0,16.0,10.0,10.0,21.0,27.0,25.0,31.0,41.0,25.0,14.0,14.0,40.0,65.0,36.0,10.0
2018-12-22 00:00:00,57,51.0,45.0,45.0,,56.0,39.0,55.0,59.0,59.0,72.0,,49.0,82.0,51.0,57.0,56.0,79.0,66.0,35.0,69.0,40.0,,35.0,36.0,43.0,36.0,16.0,10.0,16.0,15.0,9.0,19.0,33.0,22.0,,57.0,20.0,22.0,9.0,9.0,15.0,26.0,22.0,22.0,44.0,21.0,8.0,14.0,31.0,70.0,31.0,15.0
2018-12-23 00:00:00,47,54.0,48.0,44.0,,52.0,37.0,48.0,55.0,51.0,57.0,,40.0,47.0,52.0,44.0,55.0,43.0,44.0,56.0,,46.0,,44.0,47.0,42.0,42.0,17.0,8.0,16.0,18.0,10.0,17.0,32.0,32.0,,33.0,23.0,26.0,11.0,10.0,16.0,25.0,19.0,22.0,42.0,14.0,8.0,10.0,33.0,45.0,53.0,20.0
2018-12-24 00:00:00,36,40.0,39.0,40.0,,46.0,33.0,52.0,49.0,52.0,50.0,,36.0,40.0,44.0,40.0,36.0,34.0,30.0,44.0,,42.0,,,29.0,31.0,33.0,21.0,16.0,20.0,18.0,7.0,17.0,41.0,30.0,,33.0,23.0,24.0,14.0,10.0,19.0,31.0,26.0,20.0,21.0,17.0,13.0,12.0,43.0,28.0,36.0,20.0
2018-12-25 00:00:00,61,49.0,43.0,43.0,,56.0,40.0,51.0,56.0,56.0,70.0,,52.0,71.0,65.0,40.0,46.0,52.0,42.0,46.0,74.0,38.0,,35.0,40.0,36.0,41.0,23.0,16.0,23.0,21.0,10.0,24.0,53.0,33.0,,41.0,14.0,16.0,21.0,8.0,18.0,29.0,33.0,25.0,25.0,18.0,20.0,13.0,33.0,36.0,43.0,14.0
2018-12-26 00:00:00,65,59.0,55.0,49.0,,69.0,47.0,68.0,65.0,65.0,75.0,,57.0,63.0,91.0,48.0,60.0,67.0,45.0,43.0,72.0,57.0,,66.0,58.0,63.0,54.0,19.0,15.0,21.0,21.0,14.0,30.0,40.0,21.0,,48.0,18.0,19.0,20.0,7.0,20.0,33.0,44.0,28.0,30.0,20.0,,14.0,34.0,45.0,35.0,19.0
2018-12-27 00:00:00,60,61.0,55.0,49.0,,71.0,44.0,68.0,66.0,69.0,74.0,,57.0,66.0,78.0,50.0,71.0,73.0,59.0,42.0,82.0,74.0,,69.0,65.0,63.0,63.0,24.0,18.0,34.0,25.0,18.0,37.0,43.0,19.0,,45.0,20.0,22.0,24.0,10.0,25.0,39.0,41.0,29.0,46.0,23.0,,15.0,36.0,64.0,39.0,11.0
2018-12-28 00:00:00,65,62.0,62.0,60.0,,71.0,46.0,75.0,68.0,75.0,77.0,,62.0,69.0,70.0,52.0,68.0,60.0,56.0,60.0,96.0,66.0,,60.0,67.0,63.0,62.0,30.0,28.0,42.0,26.0,19.0,35.0,59.0,22.0,,31.0,13.0,16.0,21.0,14.0,23.0,41.0,35.0,29.0,38.0,22.0,21.0,18.0,41.0,54.0,56.0,10.0
2018-12-29 00:00:00,25,22.0,26.0,18.0,,29.0,25.0,33.0,30.0,43.0,38.0,26.0,23.0,26.0,30.0,25.0,20.0,20.0,17.0,59.0,,26.0,,26.0,26.0,22.0,20.0,33.0,28.0,24.0,14.0,16.0,21.0,16.0,19.0,,21.0,12.0,18.0,15.0,22.0,18.0,30.0,28.0,20.0,12.0,15.0,23.0,14.0,34.0,17.0,43.0,12.0
2018-12-30 00:00:00,14,19.0,20.0,19.0,,21.0,24.0,25.0,26.0,31.0,28.0,16.0,13.0,18.0,21.0,16.0,13.0,12.0,16.0,24.0,,21.0,,17.0,15.0,15.0,13.0,21.0,16.0,14.0,10.0,7.0,12.0,13.0,16.0,,18.0,12.0,16.0,10.0,20.0,15.0,17.0,15.0,12.0,11.0,12.0,17.0,9.0,19.0,11.0,14.0,10.0
2018-12-31 00:00:00,17,22.0,21.0,14.0,,20.0,22.0,25.0,27.0,28.0,33.0,16.0,20.0,21.0,21.0,17.0,13.0,16.0,14.0,21.0,,16.0,,17.0,19.0,12.0,16.0,22.0,19.0,17.0,13.0,8.0,14.0,16.0,12.0,,18.0,13.0,20.0,11.0,15.0,12.0,20.0,16.0,15.0,10.0,9.0,12.0,7.0,31.0,15.0,18.0,8.0
,,,,,,,,,,,,,,,,,,,,,,,,,,,,,,,,,,,,,,,,,,,,,,,,,,,,,
,N/A : ,,,,,,,,,,,,,,,,,,,,,,,,,,,,,,,,,,,,,,,,,,,,,,,,,,,,
